TEXT,IMAGE,LINK
"Skip to main content
Home
Company reviews
Salary guide
Sign in
Employers / Post Job
Start of main content
Keyword : all jobs
&nbsp;
Edit location input box label
Find jobs
Pay
Within 25 kilometres
Job type
filter
Job Language
Programming language
filter
Education level
filter
Industry
filter
Date posted
Upload your CV
and find your next job on Indeed!
&nbsp;
it fresher jobs in Mohali, Punjab
Sort by:
relevance - date
Web/IT Operations Associate (Fresh Graduates Welcome)
Urgently hiring
DigitoLogics
Mohali, Punjab
₹15,000 - ₹20,000 a month
Full-time +2
Paid time off
Paid sick time
Leave encashment
Easily apply
IT Support Trainee - Web Hosting
New
Hiring multiple candidates
GRABWEB MANAGED HOSTING
Panchkula, Haryana
₹10,000 - ₹15,000 a month
Full-time
Easily apply
Fresher- Non tech
Onboardworks
Mohali, Punjab
₹18,000.00 - ₹31,653.88 a month
Full-time
Easily apply
Network Engineer
ThinkNEXT Technologies Pvt. Ltd
Mohali, Punjab
₹12,000 - ₹25,000 a month
Full-time +2
Easily apply
Salary Search: Network Engineer salaries in Mohali, Punjab
See popular questions & answers about ThinkNEXT Technologies Pvt. Ltd
freshers Hiring - upto 25k
Network Kings IT Services Pvt. Ltd.
Zirakpur, Punjab
₹18,000 - ₹35,000 a month
Full-time +2
Health insurance
Cell phone reimbursement
Easily apply
Salary Search: freshers Hiring - upto 25k salaries in Zirakpur, Punjab
Telco help desk support
Pyramid Global Technologies
Mohali, Punjab
₹45,000 a month
Fresher +1
Night shift +1
View all Pyramid Global Technologies jobs - Mohali, Punjab jobs - Helpdesk Support jobs in Mohali, Punjab
Salary Search: Telco help desk support salaries in Mohali, Punjab
Associate Engineer - Technical Support
Vertex Infosoft
Punjab
Fresher
Salary Search: Associate Engineer - Technical Support salaries in Punjab
BDE/BDM/ IT Sales - 4LPA+INC
Network Kings IT Services Pvt. Ltd.
Zirakpur, Punjab
₹18,000 - ₹33,000 a month
Full-time +1
Health insurance
Cell phone reimbursement
Easily apply
Buisness Development Executive
Appcodie IT services
Mohali, Punjab
₹10,000.42 - ₹40,816.30 a month
Full-time +2
Health insurance
Paid time off
Paid sick time
Easily apply
IT Sales Representative
Henceforth Solutions
Mohali, Punjab
Fresher
Easily apply
Salary Search: IT Sales Representative salaries in Mohali, Punjab
See popular questions & answers about Henceforth Solutions
IT Sales Executive
Him Technology Private Limited
Mohali, Punjab
₹12,000 - ₹20,000 a month
Full-time +2
Easily apply
Salary Search: IT Sales Executive salaries in Mohali, Punjab
Sales Representative
NYXGEN IT
Mohali, Punjab
₹16,000 - ₹19,000 a month
Full-time +2
Night shift +1
Internet reimbursement
Easily apply
QA Engineer (Fresher)
Vertex Infosoft Solutions Pvt. Ltd
Mohali, Punjab
₹18,000 - ₹23,000 a month
Full-time +1
Food provided
Health insurance
Paid sick time
Easily apply
Technical Support Engineer (Fresher)
Vertex Infosoft Solutions Pvt. Ltd
Mohali, Punjab
₹18,000 - ₹23,000 a month
Full-time
Night shift +1
Health insurance
Paid time off
Paid sick time
Easily apply
Salary Search: Technical Support Engineer (Fresher) salaries in Mohali, Punjab
Fresher Desktop Engineer
Kaizen IT ServicesPvt Ltd.
Chandigarh, Chandigarh
₹18,000 - ₹20,000 a month
Full-time +2
Easily apply
View all Kaizen IT ServicesPvt Ltd. jobs - Chandigarh, Chandigarh jobs - Desktop Support Technician jobs in Chandigarh, Chandigarh
Salary Search: Fresher Desktop Engineer salaries in Chandigarh, Chandigarh
1
2
Get email updates for the latest it fresher jobs in Mohali, Punjab
By creating a job alert, you agree to our Terms
. You can change your consent settings at any time by unsubscribing or as detailed in our terms.
People also searched:
fresher
fresher software company
freshers job vacancy
web developer fresher
it
software developer fresher
fresher it
internship
it support engineer
office assistant
Web/IT Operations Associate (Fresh Graduates Welcome)
- job post
DigitoLogics
Mohali, Punjab
₹15,000 - ₹20,000 a month
Apply now
Job details
Pay
₹15,000 - ₹20,000 a month
Job type
Permanent
Fresher
Full-time
&nbsp;
Location
Mohali, Punjab
&nbsp;
Benefits
Pulled from the full job description
Paid time off
Paid sick time
Leave encashment
&nbsp;
Full job description
We are looking for Operations Associates for IT services to join our team at Mohali.
The job is about handling day-to-day tech and non-tech tasks online such as performing online research, data mining, managing MS Word and Excel, creating PPTs managing blogs, SEO, social media accounts, website changes, Calender Scheduling, generating invoices etc.
The candidates will get an opportunity to work with overseas clients and get exposure to live IT projects.
Work Responsibilities:
-Client interaction through Email & Phone
- Manage Social Media accounts
- Search Engine Optimization (SEO) - Website Audit, Competitor Analysis, On-page & Off-page SEO,Content promotion etc.
-Manage Microsoft Excel and Documents
-Prepare customer spreadsheets and keep online records
-Create PowerPoint presentations (PPTs) as assigned
-Manage Social media accounts, blogs, etc.
-Manage business development operations and work on platforms like up work, guru, etc.
-Learning new tools and platforms online
-Handle design related tasks and operate tools like Canva.
Key Skills
- Experience with word-processing software and spreadsheets (e.g. MS Office, MS Excel)
- Phone, email, and instant messaging (chat) skills
- Good organizational and time management skills
- Online Research
- Good verbal & written communication
- Possess strong interpersonal skills
Candidates with the following qualities will be preferred.
- Good listener
- Attention to detail
- Hardworking
- Passion to learn
Salary:
Job Types: Full-time, Permanent, Fresher
Pay: ₹15,000.00 - ₹20,000.00 per month
Benefits:
Leave encashment
Paid sick time
Paid time off
Ability to commute/relocate:
Mohali - 160055, Punjab: Reliably commute or planning to relocate before starting work (Required)
Application Question(s):
The Job location is Mohali. Are you able to commute or relocate to Mohali?
What's your current location?
Experience:
total work: 1 year (Preferred)
&nbsp;
Report job
Career advice
Browse jobs
Browse companies
Salaries
Indeed Events
Work at Indeed
Countries
About
Help
ESG at Indeed
Guidelines for safe job search
© 2026 Indeed
Accessibility at Indeed
Privacy Centre and Ad Choices
Terms",https://in.indeed.com/rpc/pageLoadEnd?pageId=serp&tk=1jjqkp2nrhbvg8du&st=1773641960188&__=0.4603326086340239,https://in.indeed.com/jobs?q=it+fresher&l=Mohali%2C+Punjab&vjk=af0496bdec87cd3a#gnav-header-end
"Skip to main content
Home
Company reviews
Salary guide
Sign in
Employers / Post Job
Start of main content
Keyword : all jobs
&nbsp;
Edit location input box label
Find jobs
Pay
Within 25 kilometres
Job type
filter
Job Language
Programming language
filter
Education level
filter
Industry
filter
Date posted
Upload your CV
and find your next job on Indeed!
&nbsp;
it fresher jobs in Mohali, Punjab
Sort by:
relevance - date
Web/IT Operations Associate (Fresh Graduates Welcome)
Urgently hiring
DigitoLogics
Mohali, Punjab
₹15,000 - ₹20,000 a month
Full-time +2
Paid time off
Paid sick time
Leave encashment
Easily apply
IT Support Trainee - Web Hosting
New
Hiring multiple candidates
GRABWEB MANAGED HOSTING
Panchkula, Haryana
₹10,000 - ₹15,000 a month
Full-time
Easily apply
Fresher- Non tech
Onboardworks
Mohali, Punjab
₹18,000.00 - ₹31,653.88 a month
Full-time
Easily apply
Network Engineer
ThinkNEXT Technologies Pvt. Ltd
Mohali, Punjab
₹12,000 - ₹25,000 a month
Full-time +2
Easily apply
Salary Search: Network Engineer salaries in Mohali, Punjab
See popular questions & answers about ThinkNEXT Technologies Pvt. Ltd
freshers Hiring - upto 25k
Network Kings IT Services Pvt. Ltd.
Zirakpur, Punjab
₹18,000 - ₹35,000 a month
Full-time +2
Health insurance
Cell phone reimbursement
Easily apply
Salary Search: freshers Hiring - upto 25k salaries in Zirakpur, Punjab
Telco help desk support
Pyramid Global Technologies
Mohali, Punjab
₹45,000 a month
Fresher +1
Night shift +1
View all Pyramid Global Technologies jobs - Mohali, Punjab jobs - Helpdesk Support jobs in Mohali, Punjab
Salary Search: Telco help desk support salaries in Mohali, Punjab
Associate Engineer - Technical Support
Vertex Infosoft
Punjab
Fresher
Salary Search: Associate Engineer - Technical Support salaries in Punjab
BDE/BDM/ IT Sales - 4LPA+INC
Network Kings IT Services Pvt. Ltd.
Zirakpur, Punjab
₹18,000 - ₹33,000 a month
Full-time +1
Health insurance
Cell phone reimbursement
Easily apply
Buisness Development Executive
Appcodie IT services
Mohali, Punjab
₹10,000.42 - ₹40,816.30 a month
Full-time +2
Health insurance
Paid time off
Paid sick time
Easily apply
IT Sales Representative
Henceforth Solutions
Mohali, Punjab
Fresher
Easily apply
Salary Search: IT Sales Representative salaries in Mohali, Punjab
See popular questions & answers about Henceforth Solutions
IT Sales Executive
Him Technology Private Limited
Mohali, Punjab
₹12,000 - ₹20,000 a month
Full-time +2
Easily apply
Salary Search: IT Sales Executive salaries in Mohali, Punjab
Sales Representative
NYXGEN IT
Mohali, Punjab
₹16,000 - ₹19,000 a month
Full-time +2
Night shift +1
Internet reimbursement
Easily apply
QA Engineer (Fresher)
Vertex Infosoft Solutions Pvt. Ltd
Mohali, Punjab
₹18,000 - ₹23,000 a month
Full-time +1
Food provided
Health insurance
Paid sick time
Easily apply
Technical Support Engineer (Fresher)
Vertex Infosoft Solutions Pvt. Ltd
Mohali, Punjab
₹18,000 - ₹23,000 a month
Full-time
Night shift +1
Health insurance
Paid time off
Paid sick time
Easily apply
Salary Search: Technical Support Engineer (Fresher) salaries in Mohali, Punjab
Fresher Desktop Engineer
Kaizen IT ServicesPvt Ltd.
Chandigarh, Chandigarh
₹18,000 - ₹20,000 a month
Full-time +2
Easily apply
View all Kaizen IT ServicesPvt Ltd. jobs - Chandigarh, Chandigarh jobs - Desktop Support Technician jobs in Chandigarh, Chandigarh
Salary Search: Fresher Desktop Engineer salaries in Chandigarh, Chandigarh
1
2
Get email updates for the latest it fresher jobs in Mohali, Punjab
By creating a job alert, you agree to our Terms
. You can change your consent settings at any time by unsubscribing or as detailed in our terms.
People also searched:
fresher
fresher software company
freshers job vacancy
web developer fresher
it
software developer fresher
fresher it
internship
it support engineer
office assistant
Web/IT Operations Associate (Fresh Graduates Welcome)
- job post
DigitoLogics
Mohali, Punjab
₹15,000 - ₹20,000 a month
Apply now
Job details
Pay
₹15,000 - ₹20,000 a month
Job type
Permanent
Fresher
Full-time
&nbsp;
Location
Mohali, Punjab
&nbsp;
Benefits
Pulled from the full job description
Paid time off
Paid sick time
Leave encashment
&nbsp;
Full job description
We are looking for Operations Associates for IT services to join our team at Mohali.
The job is about handling day-to-day tech and non-tech tasks online such as performing online research, data mining, managing MS Word and Excel, creating PPTs managing blogs, SEO, social media accounts, website changes, Calender Scheduling, generating invoices etc.
The candidates will get an opportunity to work with overseas clients and get exposure to live IT projects.
Work Responsibilities:
-Client interaction through Email & Phone
- Manage Social Media accounts
- Search Engine Optimization (SEO) - Website Audit, Competitor Analysis, On-page & Off-page SEO,Content promotion etc.
-Manage Microsoft Excel and Documents
-Prepare customer spreadsheets and keep online records
-Create PowerPoint presentations (PPTs) as assigned
-Manage Social media accounts, blogs, etc.
-Manage business development operations and work on platforms like up work, guru, etc.
-Learning new tools and platforms online
-Handle design related tasks and operate tools like Canva.
Key Skills
- Experience with word-processing software and spreadsheets (e.g. MS Office, MS Excel)
- Phone, email, and instant messaging (chat) skills
- Good organizational and time management skills
- Online Research
- Good verbal & written communication
- Possess strong interpersonal skills
Candidates with the following qualities will be preferred.
- Good listener
- Attention to detail
- Hardworking
- Passion to learn
Salary:
Job Types: Full-time, Permanent, Fresher
Pay: ₹15,000.00 - ₹20,000.00 per month
Benefits:
Leave encashment
Paid sick time
Paid time off
Ability to commute/relocate:
Mohali - 160055, Punjab: Reliably commute or planning to relocate before starting work (Required)
Application Question(s):
The Job location is Mohali. Are you able to commute or relocate to Mohali?
What's your current location?
Experience:
total work: 1 year (Preferred)
&nbsp;
Report job
Career advice
Browse jobs
Browse companies
Salaries
Indeed Events
Work at Indeed
Countries
About
Help
ESG at Indeed
Guidelines for safe job search
© 2026 Indeed
Accessibility at Indeed
Privacy Centre and Ad Choices
Terms",https://in.indeed.com/m/rpc/frontendlogging?logType=trackEvent&moduleName=event&application=indeedmobile&pageId=viewjob&data=%7B%22eventName%22%3A%22mobPageLoadInfo%22%2C%22type%22%3A%22mobPageLoadInfo%22%2C%22pageId%22%3A%22viewjob%22%2C%22mobvjtk%22%3A%221jjqkp2slhbvg800%22%2C%22pageName%22%3A%22vj%22%2C%22pixelRatio%22%3A1.25%2C%22scrWidth%22%3A1920%2C%22scrHeight%22%3A1080%2C%22scrOrientation%22%3A%22landscape%22%7D,https://in.indeed.com/?from=gnav-jobsearch--indeedmobile
"Skip to main content
Home
Company reviews
Salary guide
Sign in
Employers / Post Job
Start of main content
Keyword : all jobs
&nbsp;
Edit location input box label
Find jobs
Pay
Within 25 kilometres
Job type
filter
Job Language
Programming language
filter
Education level
filter
Industry
filter
Date posted
Upload your CV
and find your next job on Indeed!
&nbsp;
it fresher jobs in Mohali, Punjab
Sort by:
relevance - date
Web/IT Operations Associate (Fresh Graduates Welcome)
Urgently hiring
DigitoLogics
Mohali, Punjab
₹15,000 - ₹20,000 a month
Full-time +2
Paid time off
Paid sick time
Leave encashment
Easily apply
IT Support Trainee - Web Hosting
New
Hiring multiple candidates
GRABWEB MANAGED HOSTING
Panchkula, Haryana
₹10,000 - ₹15,000 a month
Full-time
Easily apply
Fresher- Non tech
Onboardworks
Mohali, Punjab
₹18,000.00 - ₹31,653.88 a month
Full-time
Easily apply
Network Engineer
ThinkNEXT Technologies Pvt. Ltd
Mohali, Punjab
₹12,000 - ₹25,000 a month
Full-time +2
Easily apply
Salary Search: Network Engineer salaries in Mohali, Punjab
See popular questions & answers about ThinkNEXT Technologies Pvt. Ltd
freshers Hiring - upto 25k
Network Kings IT Services Pvt. Ltd.
Zirakpur, Punjab
₹18,000 - ₹35,000 a month
Full-time +2
Health insurance
Cell phone reimbursement
Easily apply
Salary Search: freshers Hiring - upto 25k salaries in Zirakpur, Punjab
Telco help desk support
Pyramid Global Technologies
Mohali, Punjab
₹45,000 a month
Fresher +1
Night shift +1
View all Pyramid Global Technologies jobs - Mohali, Punjab jobs - Helpdesk Support jobs in Mohali, Punjab
Salary Search: Telco help desk support salaries in Mohali, Punjab
Associate Engineer - Technical Support
Vertex Infosoft
Punjab
Fresher
Salary Search: Associate Engineer - Technical Support salaries in Punjab
BDE/BDM/ IT Sales - 4LPA+INC
Network Kings IT Services Pvt. Ltd.
Zirakpur, Punjab
₹18,000 - ₹33,000 a month
Full-time +1
Health insurance
Cell phone reimbursement
Easily apply
Buisness Development Executive
Appcodie IT services
Mohali, Punjab
₹10,000.42 - ₹40,816.30 a month
Full-time +2
Health insurance
Paid time off
Paid sick time
Easily apply
IT Sales Representative
Henceforth Solutions
Mohali, Punjab
Fresher
Easily apply
Salary Search: IT Sales Representative salaries in Mohali, Punjab
See popular questions & answers about Henceforth Solutions
IT Sales Executive
Him Technology Private Limited
Mohali, Punjab
₹12,000 - ₹20,000 a month
Full-time +2
Easily apply
Salary Search: IT Sales Executive salaries in Mohali, Punjab
Sales Representative
NYXGEN IT
Mohali, Punjab
₹16,000 - ₹19,000 a month
Full-time +2
Night shift +1
Internet reimbursement
Easily apply
QA Engineer (Fresher)
Vertex Infosoft Solutions Pvt. Ltd
Mohali, Punjab
₹18,000 - ₹23,000 a month
Full-time +1
Food provided
Health insurance
Paid sick time
Easily apply
Technical Support Engineer (Fresher)
Vertex Infosoft Solutions Pvt. Ltd
Mohali, Punjab
₹18,000 - ₹23,000 a month
Full-time
Night shift +1
Health insurance
Paid time off
Paid sick time
Easily apply
Salary Search: Technical Support Engineer (Fresher) salaries in Mohali, Punjab
Fresher Desktop Engineer
Kaizen IT ServicesPvt Ltd.
Chandigarh, Chandigarh
₹18,000 - ₹20,000 a month
Full-time +2
Easily apply
View all Kaizen IT ServicesPvt Ltd. jobs - Chandigarh, Chandigarh jobs - Desktop Support Technician jobs in Chandigarh, Chandigarh
Salary Search: Fresher Desktop Engineer salaries in Chandigarh, Chandigarh
1
2
Get email updates for the latest it fresher jobs in Mohali, Punjab
By creating a job alert, you agree to our Terms
. You can change your consent settings at any time by unsubscribing or as detailed in our terms.
People also searched:
fresher
fresher software company
freshers job vacancy
web developer fresher
it
software developer fresher
fresher it
internship
it support engineer
office assistant
Web/IT Operations Associate (Fresh Graduates Welcome)
- job post
DigitoLogics
Mohali, Punjab
₹15,000 - ₹20,000 a month
Apply now
Job details
Pay
₹15,000 - ₹20,000 a month
Job type
Permanent
Fresher
Full-time
&nbsp;
Location
Mohali, Punjab
&nbsp;
Benefits
Pulled from the full job description
Paid time off
Paid sick time
Leave encashment
&nbsp;
Full job description
We are looking for Operations Associates for IT services to join our team at Mohali.
The job is about handling day-to-day tech and non-tech tasks online such as performing online research, data mining, managing MS Word and Excel, creating PPTs managing blogs, SEO, social media accounts, website changes, Calender Scheduling, generating invoices etc.
The candidates will get an opportunity to work with overseas clients and get exposure to live IT projects.
Work Responsibilities:
-Client interaction through Email & Phone
- Manage Social Media accounts
- Search Engine Optimization (SEO) - Website Audit, Competitor Analysis, On-page & Off-page SEO,Content promotion etc.
-Manage Microsoft Excel and Documents
-Prepare customer spreadsheets and keep online records
-Create PowerPoint presentations (PPTs) as assigned
-Manage Social media accounts, blogs, etc.
-Manage business development operations and work on platforms like up work, guru, etc.
-Learning new tools and platforms online
-Handle design related tasks and operate tools like Canva.
Key Skills
- Experience with word-processing software and spreadsheets (e.g. MS Office, MS Excel)
- Phone, email, and instant messaging (chat) skills
- Good organizational and time management skills
- Online Research
- Good verbal & written communication
- Possess strong interpersonal skills
Candidates with the following qualities will be preferred.
- Good listener
- Attention to detail
- Hardworking
- Passion to learn
Salary:
Job Types: Full-time, Permanent, Fresher
Pay: ₹15,000.00 - ₹20,000.00 per month
Benefits:
Leave encashment
Paid sick time
Paid time off
Ability to commute/relocate:
Mohali - 160055, Punjab: Reliably commute or planning to relocate before starting work (Required)
Application Question(s):
The Job location is Mohali. Are you able to commute or relocate to Mohali?
What's your current location?
Experience:
total work: 1 year (Preferred)
&nbsp;
Report job
Career advice
Browse jobs
Browse companies
Salaries
Indeed Events
Work at Indeed
Countries
About
Help
ESG at Indeed
Guidelines for safe job search
© 2026 Indeed
Accessibility at Indeed
Privacy Centre and Ad Choices
Terms",https://in.indeed.com/m/rpc/frontendlogging?logType=trackEvent&moduleName=event&application=indeedmobile&pageId=viewjob&data=%7B%22eventName%22%3A%22mobPageLoadInfo%22%2C%22type%22%3A%22mobPageLoadInfo%22%2C%22pageId%22%3A%22viewjob%22%2C%22mobvjtk%22%3A%221jjqkp2slhbvg800%22%2C%22pageName%22%3A%22vj%22%2C%22pixelRatio%22%3A1.25%2C%22scrWidth%22%3A1920%2C%22scrHeight%22%3A1080%2C%22scrOrientation%22%3A%22landscape%22%7D,https://in.indeed.com/
"Skip to main content
Home
Company reviews
Salary guide
Sign in
Employers / Post Job
Start of main content
Keyword : all jobs
&nbsp;
Edit location input box label
Find jobs
Pay
Within 25 kilometres
Job type
filter
Job Language
Programming language
filter
Education level
filter
Industry
filter
Date posted
Upload your CV
and find your next job on Indeed!
&nbsp;
it fresher jobs in Mohali, Punjab
Sort by:
relevance - date
Web/IT Operations Associate (Fresh Graduates Welcome)
Urgently hiring
DigitoLogics
Mohali, Punjab
₹15,000 - ₹20,000 a month
Full-time +2
Paid time off
Paid sick time
Leave encashment
Easily apply
IT Support Trainee - Web Hosting
New
Hiring multiple candidates
GRABWEB MANAGED HOSTING
Panchkula, Haryana
₹10,000 - ₹15,000 a month
Full-time
Easily apply
Fresher- Non tech
Onboardworks
Mohali, Punjab
₹18,000.00 - ₹31,653.88 a month
Full-time
Easily apply
Network Engineer
ThinkNEXT Technologies Pvt. Ltd
Mohali, Punjab
₹12,000 - ₹25,000 a month
Full-time +2
Easily apply
Salary Search: Network Engineer salaries in Mohali, Punjab
See popular questions & answers about ThinkNEXT Technologies Pvt. Ltd
freshers Hiring - upto 25k
Network Kings IT Services Pvt. Ltd.
Zirakpur, Punjab
₹18,000 - ₹35,000 a month
Full-time +2
Health insurance
Cell phone reimbursement
Easily apply
Salary Search: freshers Hiring - upto 25k salaries in Zirakpur, Punjab
Telco help desk support
Pyramid Global Technologies
Mohali, Punjab
₹45,000 a month
Fresher +1
Night shift +1
View all Pyramid Global Technologies jobs - Mohali, Punjab jobs - Helpdesk Support jobs in Mohali, Punjab
Salary Search: Telco help desk support salaries in Mohali, Punjab
Associate Engineer - Technical Support
Vertex Infosoft
Punjab
Fresher
Salary Search: Associate Engineer - Technical Support salaries in Punjab
BDE/BDM/ IT Sales - 4LPA+INC
Network Kings IT Services Pvt. Ltd.
Zirakpur, Punjab
₹18,000 - ₹33,000 a month
Full-time +1
Health insurance
Cell phone reimbursement
Easily apply
Buisness Development Executive
Appcodie IT services
Mohali, Punjab
₹10,000.42 - ₹40,816.30 a month
Full-time +2
Health insurance
Paid time off
Paid sick time
Easily apply
IT Sales Representative
Henceforth Solutions
Mohali, Punjab
Fresher
Easily apply
Salary Search: IT Sales Representative salaries in Mohali, Punjab
See popular questions & answers about Henceforth Solutions
IT Sales Executive
Him Technology Private Limited
Mohali, Punjab
₹12,000 - ₹20,000 a month
Full-time +2
Easily apply
Salary Search: IT Sales Executive salaries in Mohali, Punjab
Sales Representative
NYXGEN IT
Mohali, Punjab
₹16,000 - ₹19,000 a month
Full-time +2
Night shift +1
Internet reimbursement
Easily apply
QA Engineer (Fresher)
Vertex Infosoft Solutions Pvt. Ltd
Mohali, Punjab
₹18,000 - ₹23,000 a month
Full-time +1
Food provided
Health insurance
Paid sick time
Easily apply
Technical Support Engineer (Fresher)
Vertex Infosoft Solutions Pvt. Ltd
Mohali, Punjab
₹18,000 - ₹23,000 a month
Full-time
Night shift +1
Health insurance
Paid time off
Paid sick time
Easily apply
Salary Search: Technical Support Engineer (Fresher) salaries in Mohali, Punjab
Fresher Desktop Engineer
Kaizen IT ServicesPvt Ltd.
Chandigarh, Chandigarh
₹18,000 - ₹20,000 a month
Full-time +2
Easily apply
View all Kaizen IT ServicesPvt Ltd. jobs - Chandigarh, Chandigarh jobs - Desktop Support Technician jobs in Chandigarh, Chandigarh
Salary Search: Fresher Desktop Engineer salaries in Chandigarh, Chandigarh
1
2
Get email updates for the latest it fresher jobs in Mohali, Punjab
By creating a job alert, you agree to our Terms
. You can change your consent settings at any time by unsubscribing or as detailed in our terms.
People also searched:
fresher
fresher software company
freshers job vacancy
web developer fresher
it
software developer fresher
fresher it
internship
it support engineer
office assistant
Web/IT Operations Associate (Fresh Graduates Welcome)
- job post
DigitoLogics
Mohali, Punjab
₹15,000 - ₹20,000 a month
Apply now
Job details
Pay
₹15,000 - ₹20,000 a month
Job type
Permanent
Fresher
Full-time
&nbsp;
Location
Mohali, Punjab
&nbsp;
Benefits
Pulled from the full job description
Paid time off
Paid sick time
Leave encashment
&nbsp;
Full job description
We are looking for Operations Associates for IT services to join our team at Mohali.
The job is about handling day-to-day tech and non-tech tasks online such as performing online research, data mining, managing MS Word and Excel, creating PPTs managing blogs, SEO, social media accounts, website changes, Calender Scheduling, generating invoices etc.
The candidates will get an opportunity to work with overseas clients and get exposure to live IT projects.
Work Responsibilities:
-Client interaction through Email & Phone
- Manage Social Media accounts
- Search Engine Optimization (SEO) - Website Audit, Competitor Analysis, On-page & Off-page SEO,Content promotion etc.
-Manage Microsoft Excel and Documents
-Prepare customer spreadsheets and keep online records
-Create PowerPoint presentations (PPTs) as assigned
-Manage Social media accounts, blogs, etc.
-Manage business development operations and work on platforms like up work, guru, etc.
-Learning new tools and platforms online
-Handle design related tasks and operate tools like Canva.
Key Skills
- Experience with word-processing software and spreadsheets (e.g. MS Office, MS Excel)
- Phone, email, and instant messaging (chat) skills
- Good organizational and time management skills
- Online Research
- Good verbal & written communication
- Possess strong interpersonal skills
Candidates with the following qualities will be preferred.
- Good listener
- Attention to detail
- Hardworking
- Passion to learn
Salary:
Job Types: Full-time, Permanent, Fresher
Pay: ₹15,000.00 - ₹20,000.00 per month
Benefits:
Leave encashment
Paid sick time
Paid time off
Ability to commute/relocate:
Mohali - 160055, Punjab: Reliably commute or planning to relocate before starting work (Required)
Application Question(s):
The Job location is Mohali. Are you able to commute or relocate to Mohali?
What's your current location?
Experience:
total work: 1 year (Preferred)
&nbsp;
Report job
Career advice
Browse jobs
Browse companies
Salaries
Indeed Events
Work at Indeed
Countries
About
Help
ESG at Indeed
Guidelines for safe job search
© 2026 Indeed
Accessibility at Indeed
Privacy Centre and Ad Choices
Terms",,https://in.indeed.com/companies
"Skip to main content
Home
Company reviews
Salary guide
Sign in
Employers / Post Job
Start of main content
Keyword : all jobs
&nbsp;
Edit location input box label
Find jobs
Pay
Within 25 kilometres
Job type
filter
Job Language
Programming language
filter
Education level
filter
Industry
filter
Date posted
Upload your CV
and find your next job on Indeed!
&nbsp;
it fresher jobs in Mohali, Punjab
Sort by:
relevance - date
Web/IT Operations Associate (Fresh Graduates Welcome)
Urgently hiring
DigitoLogics
Mohali, Punjab
₹15,000 - ₹20,000 a month
Full-time +2
Paid time off
Paid sick time
Leave encashment
Easily apply
IT Support Trainee - Web Hosting
New
Hiring multiple candidates
GRABWEB MANAGED HOSTING
Panchkula, Haryana
₹10,000 - ₹15,000 a month
Full-time
Easily apply
Fresher- Non tech
Onboardworks
Mohali, Punjab
₹18,000.00 - ₹31,653.88 a month
Full-time
Easily apply
Network Engineer
ThinkNEXT Technologies Pvt. Ltd
Mohali, Punjab
₹12,000 - ₹25,000 a month
Full-time +2
Easily apply
Salary Search: Network Engineer salaries in Mohali, Punjab
See popular questions & answers about ThinkNEXT Technologies Pvt. Ltd
freshers Hiring - upto 25k
Network Kings IT Services Pvt. Ltd.
Zirakpur, Punjab
₹18,000 - ₹35,000 a month
Full-time +2
Health insurance
Cell phone reimbursement
Easily apply
Salary Search: freshers Hiring - upto 25k salaries in Zirakpur, Punjab
Telco help desk support
Pyramid Global Technologies
Mohali, Punjab
₹45,000 a month
Fresher +1
Night shift +1
View all Pyramid Global Technologies jobs - Mohali, Punjab jobs - Helpdesk Support jobs in Mohali, Punjab
Salary Search: Telco help desk support salaries in Mohali, Punjab
Associate Engineer - Technical Support
Vertex Infosoft
Punjab
Fresher
Salary Search: Associate Engineer - Technical Support salaries in Punjab
BDE/BDM/ IT Sales - 4LPA+INC
Network Kings IT Services Pvt. Ltd.
Zirakpur, Punjab
₹18,000 - ₹33,000 a month
Full-time +1
Health insurance
Cell phone reimbursement
Easily apply
Buisness Development Executive
Appcodie IT services
Mohali, Punjab
₹10,000.42 - ₹40,816.30 a month
Full-time +2
Health insurance
Paid time off
Paid sick time
Easily apply
IT Sales Representative
Henceforth Solutions
Mohali, Punjab
Fresher
Easily apply
Salary Search: IT Sales Representative salaries in Mohali, Punjab
See popular questions & answers about Henceforth Solutions
IT Sales Executive
Him Technology Private Limited
Mohali, Punjab
₹12,000 - ₹20,000 a month
Full-time +2
Easily apply
Salary Search: IT Sales Executive salaries in Mohali, Punjab
Sales Representative
NYXGEN IT
Mohali, Punjab
₹16,000 - ₹19,000 a month
Full-time +2
Night shift +1
Internet reimbursement
Easily apply
QA Engineer (Fresher)
Vertex Infosoft Solutions Pvt. Ltd
Mohali, Punjab
₹18,000 - ₹23,000 a month
Full-time +1
Food provided
Health insurance
Paid sick time
Easily apply
Technical Support Engineer (Fresher)
Vertex Infosoft Solutions Pvt. Ltd
Mohali, Punjab
₹18,000 - ₹23,000 a month
Full-time
Night shift +1
Health insurance
Paid time off
Paid sick time
Easily apply
Salary Search: Technical Support Engineer (Fresher) salaries in Mohali, Punjab
Fresher Desktop Engineer
Kaizen IT ServicesPvt Ltd.
Chandigarh, Chandigarh
₹18,000 - ₹20,000 a month
Full-time +2
Easily apply
View all Kaizen IT ServicesPvt Ltd. jobs - Chandigarh, Chandigarh jobs - Desktop Support Technician jobs in Chandigarh, Chandigarh
Salary Search: Fresher Desktop Engineer salaries in Chandigarh, Chandigarh
1
2
Get email updates for the latest it fresher jobs in Mohali, Punjab
By creating a job alert, you agree to our Terms
. You can change your consent settings at any time by unsubscribing or as detailed in our terms.
People also searched:
fresher
fresher software company
freshers job vacancy
web developer fresher
it
software developer fresher
fresher it
internship
it support engineer
office assistant
Web/IT Operations Associate (Fresh Graduates Welcome)
- job post
DigitoLogics
Mohali, Punjab
₹15,000 - ₹20,000 a month
Apply now
Job details
Pay
₹15,000 - ₹20,000 a month
Job type
Permanent
Fresher
Full-time
&nbsp;
Location
Mohali, Punjab
&nbsp;
Benefits
Pulled from the full job description
Paid time off
Paid sick time
Leave encashment
&nbsp;
Full job description
We are looking for Operations Associates for IT services to join our team at Mohali.
The job is about handling day-to-day tech and non-tech tasks online such as performing online research, data mining, managing MS Word and Excel, creating PPTs managing blogs, SEO, social media accounts, website changes, Calender Scheduling, generating invoices etc.
The candidates will get an opportunity to work with overseas clients and get exposure to live IT projects.
Work Responsibilities:
-Client interaction through Email & Phone
- Manage Social Media accounts
- Search Engine Optimization (SEO) - Website Audit, Competitor Analysis, On-page & Off-page SEO,Content promotion etc.
-Manage Microsoft Excel and Documents
-Prepare customer spreadsheets and keep online records
-Create PowerPoint presentations (PPTs) as assigned
-Manage Social media accounts, blogs, etc.
-Manage business development operations and work on platforms like up work, guru, etc.
-Learning new tools and platforms online
-Handle design related tasks and operate tools like Canva.
Key Skills
- Experience with word-processing software and spreadsheets (e.g. MS Office, MS Excel)
- Phone, email, and instant messaging (chat) skills
- Good organizational and time management skills
- Online Research
- Good verbal & written communication
- Possess strong interpersonal skills
Candidates with the following qualities will be preferred.
- Good listener
- Attention to detail
- Hardworking
- Passion to learn
Salary:
Job Types: Full-time, Permanent, Fresher
Pay: ₹15,000.00 - ₹20,000.00 per month
Benefits:
Leave encashment
Paid sick time
Paid time off
Ability to commute/relocate:
Mohali - 160055, Punjab: Reliably commute or planning to relocate before starting work (Required)
Application Question(s):
The Job location is Mohali. Are you able to commute or relocate to Mohali?
What's your current location?
Experience:
total work: 1 year (Preferred)
&nbsp;
Report job
Career advice
Browse jobs
Browse companies
Salaries
Indeed Events
Work at Indeed
Countries
About
Help
ESG at Indeed
Guidelines for safe job search
© 2026 Indeed
Accessibility at Indeed
Privacy Centre and Ad Choices
Terms",,https://in.indeed.com/career/salaries
"Skip to main content
Home
Company reviews
Salary guide
Sign in
Employers / Post Job
Start of main content",,https://secure.indeed.com/auth?hl=en_IN&co=IN&continue=https%3A%2F%2Fin.indeed.com%2Fjobs%3Fq%3Dit%2Bfresher%26l%3DMohali%252C%2BPunjab&tmpl=desktop&from=gnav-util-jobsearch--indeedmobile&jsContinue=https%3A%2F%2Fprofile.indeed.com%2Fwelcome%3Fhl%3Den_IN%26co%3DIN%26from%3Dgnav-jobsearch--indeedmobile%26continue%3Dhttps%253A%252F%252Fonboarding.indeed.com%252Fonboarding%253Fhl%253Den_IN%2526co%253DIN%2526from%253Dgnav-jobsearch--indeedmobile&empContinue=https%3A%2F%2Faccount.indeed.com%2Fmyaccess
"Skip to main content
Home
Company reviews
Salary guide
Sign in
Employers / Post Job
Start of main content",,https://secure.indeed.com/auth?hl=en_IN&co=IN&continue=https%3A%2F%2Fin.indeed.com%2Fjobs%3Fq%3Dit%2Bfresher%26l%3DMohali%252C%2BPunjab&tmpl=desktop&from=gnav-util-jobsearch--indeedmobile&jsContinue=https%3A%2F%2Fprofile.indeed.com%2Fwelcome%3Fhl%3Den_IN%26co%3DIN%26from%3Dgnav-jobsearch--indeedmobile%26continue%3Dhttps%253A%252F%252Fonboarding.indeed.com%252Fonboarding%253Fhl%253Den_IN%2526co%253DIN%2526from%253Dgnav-jobsearch--indeedmobile&empContinue=https%3A%2F%2Faccount.indeed.com%2Fmyaccess
"Skip to main content
Home
Company reviews
Salary guide
Sign in
Employers / Post Job
Start of main content",,https://in.indeed.com/hire?co=IN&hl=en
"Skip to main content
Home
Company reviews
Salary guide
Sign in
Employers / Post Job
Start of main content",,https://in.indeed.com/m/
"Skip to main content
Home
Company reviews
Salary guide
Sign in
Employers / Post Job",,https://in.indeed.com/companies
"Skip to main content
Home
Company reviews
Salary guide",,https://in.indeed.com/career/salaries
Skip to main content,,https://employers.indeed.com/p/posting
Skip to main content,,https://profile.indeed.com/resume?hl=en_IN&co=IN
"Home
Company reviews
Salary guide",,https://in.indeed.com/m/countries
Home,,https://in.indeed.com/help/
Home,,https://hrtechprivacy.com/
Home,,https://in.indeed.com/jobs?q=it+fresher&l=Mohali%2C+Punjab&vjk=af0496bdec87cd3a#
Company reviews,,https://in.indeed.com/jobs?q=it+fresher&l=Mohali%2C+Punjab&vjk=af0496bdec87cd3a#
Company reviews,,https://in.indeed.com/jobs?q=it+fresher&l=Mohali%2C+Punjab&vjk=af0496bdec87cd3a#
Company reviews,,https://in.indeed.com/jobs?q=it+fresher&l=Mohali%2C+Punjab&vjk=af0496bdec87cd3a#
Salary guide,,https://in.indeed.com/jobs?q=it+fresher&l=Mohali%2C+Punjab&vjk=af0496bdec87cd3a#
Salary guide,,https://in.indeed.com/jobs?q=it+fresher&l=Mohali%2C+Punjab&vjk=af0496bdec87cd3a#
Salary guide,,"https://in.indeed.com/jobs?q=it+fresher&nl=&l=Mohali,+Punjab&radius=0"
"Sign in
Employers / Post Job",,"https://in.indeed.com/jobs?q=it+fresher&nl=&l=Mohali,+Punjab&radius=5"
Sign in,,"https://in.indeed.com/jobs?q=it+fresher&nl=&l=Mohali,+Punjab&radius=10"
Sign in,,"https://in.indeed.com/jobs?q=it+fresher&nl=&l=Mohali,+Punjab&radius=15"
Sign in,,"https://in.indeed.com/jobs?q=it+fresher&nl=&l=Mohali,+Punjab&radius=25"
Sign in,,"https://in.indeed.com/jobs?q=it+fresher&nl=&l=Mohali,+Punjab&radius=35"
Sign in,,"https://in.indeed.com/jobs?q=it+fresher&nl=&l=Mohali,+Punjab&radius=50"
Employers / Post Job,,"https://in.indeed.com/jobs?q=it+fresher&nl=&l=Mohali,+Punjab&radius=100"
Employers / Post Job,,"https://in.indeed.com/jobs?q=it+fresher&nl=&l=Mohali,+Punjab&radius=25&lang=en"
Employers / Post Job,,https://in.indeed.com/jobs?q=it+fresher&l=Mohali%2C+Punjab&vjk=af0496bdec87cd3a#
Employers / Post Job,,https://in.indeed.com/jobs?q=it+fresher&l=Mohali%2C+Punjab&vjk=af0496bdec87cd3a#
Start of main content,,https://in.indeed.com/jobs?q=it+fresher&l=Mohali%2C+Punjab&vjk=af0496bdec87cd3a#
"Keyword : all jobs
&nbsp;
Edit location input box label
Find jobs
Pay
Within 25 kilometres
Job type
filter
Job Language
Programming language
filter
Education level
filter
Industry
filter
Date posted
Upload your CV
and find your next job on Indeed!
&nbsp;
it fresher jobs in Mohali, Punjab
Sort by:
relevance - date
Web/IT Operations Associate (Fresh Graduates Welcome)
Urgently hiring
DigitoLogics
Mohali, Punjab
₹15,000 - ₹20,000 a month
Full-time +2
Paid time off
Paid sick time
Leave encashment
Easily apply
IT Support Trainee - Web Hosting
New
Hiring multiple candidates
GRABWEB MANAGED HOSTING
Panchkula, Haryana
₹10,000 - ₹15,000 a month
Full-time
Easily apply
Fresher- Non tech
Onboardworks
Mohali, Punjab
₹18,000.00 - ₹31,653.88 a month
Full-time
Easily apply
Network Engineer
ThinkNEXT Technologies Pvt. Ltd
Mohali, Punjab
₹12,000 - ₹25,000 a month
Full-time +2
Easily apply
Salary Search: Network Engineer salaries in Mohali, Punjab
See popular questions & answers about ThinkNEXT Technologies Pvt. Ltd
freshers Hiring - upto 25k
Network Kings IT Services Pvt. Ltd.
Zirakpur, Punjab
₹18,000 - ₹35,000 a month
Full-time +2
Health insurance
Cell phone reimbursement
Easily apply
Salary Search: freshers Hiring - upto 25k salaries in Zirakpur, Punjab
Telco help desk support
Pyramid Global Technologies
Mohali, Punjab
₹45,000 a month
Fresher +1
Night shift +1
View all Pyramid Global Technologies jobs - Mohali, Punjab jobs - Helpdesk Support jobs in Mohali, Punjab
Salary Search: Telco help desk support salaries in Mohali, Punjab
Associate Engineer - Technical Support
Vertex Infosoft
Punjab
Fresher
Salary Search: Associate Engineer - Technical Support salaries in Punjab
BDE/BDM/ IT Sales - 4LPA+INC
Network Kings IT Services Pvt. Ltd.
Zirakpur, Punjab
₹18,000 - ₹33,000 a month
Full-time +1
Health insurance
Cell phone reimbursement
Easily apply
Buisness Development Executive
Appcodie IT services
Mohali, Punjab
₹10,000.42 - ₹40,816.30 a month
Full-time +2
Health insurance
Paid time off
Paid sick time
Easily apply
IT Sales Representative
Henceforth Solutions
Mohali, Punjab
Fresher
Easily apply
Salary Search: IT Sales Representative salaries in Mohali, Punjab
See popular questions & answers about Henceforth Solutions
IT Sales Executive
Him Technology Private Limited
Mohali, Punjab
₹12,000 - ₹20,000 a month
Full-time +2
Easily apply
Salary Search: IT Sales Executive salaries in Mohali, Punjab
Sales Representative
NYXGEN IT
Mohali, Punjab
₹16,000 - ₹19,000 a month
Full-time +2
Night shift +1
Internet reimbursement
Easily apply
QA Engineer (Fresher)
Vertex Infosoft Solutions Pvt. Ltd
Mohali, Punjab
₹18,000 - ₹23,000 a month
Full-time +1
Food provided
Health insurance
Paid sick time
Easily apply
Technical Support Engineer (Fresher)
Vertex Infosoft Solutions Pvt. Ltd
Mohali, Punjab
₹18,000 - ₹23,000 a month
Full-time
Night shift +1
Health insurance
Paid time off
Paid sick time
Easily apply
Salary Search: Technical Support Engineer (Fresher) salaries in Mohali, Punjab
Fresher Desktop Engineer
Kaizen IT ServicesPvt Ltd.
Chandigarh, Chandigarh
₹18,000 - ₹20,000 a month
Full-time +2
Easily apply
View all Kaizen IT ServicesPvt Ltd. jobs - Chandigarh, Chandigarh jobs - Desktop Support Technician jobs in Chandigarh, Chandigarh
Salary Search: Fresher Desktop Engineer salaries in Chandigarh, Chandigarh
1
2
Get email updates for the latest it fresher jobs in Mohali, Punjab
By creating a job alert, you agree to our Terms
. You can change your consent settings at any time by unsubscribing or as detailed in our terms.
People also searched:
fresher
fresher software company
freshers job vacancy
web developer fresher
it
software developer fresher
fresher it
internship
it support engineer
office assistant
Web/IT Operations Associate (Fresh Graduates Welcome)
- job post
DigitoLogics
Mohali, Punjab
₹15,000 - ₹20,000 a month
Apply now
Job details
Pay
₹15,000 - ₹20,000 a month
Job type
Permanent
Fresher
Full-time
&nbsp;
Location
Mohali, Punjab
&nbsp;
Benefits
Pulled from the full job description
Paid time off
Paid sick time
Leave encashment
&nbsp;
Full job description
We are looking for Operations Associates for IT services to join our team at Mohali.
The job is about handling day-to-day tech and non-tech tasks online such as performing online research, data mining, managing MS Word and Excel, creating PPTs managing blogs, SEO, social media accounts, website changes, Calender Scheduling, generating invoices etc.
The candidates will get an opportunity to work with overseas clients and get exposure to live IT projects.
Work Responsibilities:
-Client interaction through Email & Phone
- Manage Social Media accounts
- Search Engine Optimization (SEO) - Website Audit, Competitor Analysis, On-page & Off-page SEO,Content promotion etc.
-Manage Microsoft Excel and Documents
-Prepare customer spreadsheets and keep online records
-Create PowerPoint presentations (PPTs) as assigned
-Manage Social media accounts, blogs, etc.
-Manage business development operations and work on platforms like up work, guru, etc.
-Learning new tools and platforms online
-Handle design related tasks and operate tools like Canva.
Key Skills
- Experience with word-processing software and spreadsheets (e.g. MS Office, MS Excel)
- Phone, email, and instant messaging (chat) skills
- Good organizational and time management skills
- Online Research
- Good verbal & written communication
- Possess strong interpersonal skills
Candidates with the following qualities will be preferred.
- Good listener
- Attention to detail
- Hardworking
- Passion to learn
Salary:
Job Types: Full-time, Permanent, Fresher
Pay: ₹15,000.00 - ₹20,000.00 per month
Benefits:
Leave encashment
Paid sick time
Paid time off
Ability to commute/relocate:
Mohali - 160055, Punjab: Reliably commute or planning to relocate before starting work (Required)
Application Question(s):
The Job location is Mohali. Are you able to commute or relocate to Mohali?
What's your current location?
Experience:
total work: 1 year (Preferred)
&nbsp;
Report job",,https://in.indeed.com/jobs?q=it+fresher&l=Mohali%2C+Punjab&vjk=af0496bdec87cd3a#
"Keyword : all jobs
&nbsp;
Edit location input box label
Find jobs
Pay
Within 25 kilometres
Job type
filter
Job Language
Programming language
filter
Education level
filter
Industry
filter
Date posted
Upload your CV
and find your next job on Indeed!
&nbsp;
it fresher jobs in Mohali, Punjab
Sort by:
relevance - date
Web/IT Operations Associate (Fresh Graduates Welcome)
Urgently hiring
DigitoLogics
Mohali, Punjab
₹15,000 - ₹20,000 a month
Full-time +2
Paid time off
Paid sick time
Leave encashment
Easily apply
IT Support Trainee - Web Hosting
New
Hiring multiple candidates
GRABWEB MANAGED HOSTING
Panchkula, Haryana
₹10,000 - ₹15,000 a month
Full-time
Easily apply
Fresher- Non tech
Onboardworks
Mohali, Punjab
₹18,000.00 - ₹31,653.88 a month
Full-time
Easily apply
Network Engineer
ThinkNEXT Technologies Pvt. Ltd
Mohali, Punjab
₹12,000 - ₹25,000 a month
Full-time +2
Easily apply
Salary Search: Network Engineer salaries in Mohali, Punjab
See popular questions & answers about ThinkNEXT Technologies Pvt. Ltd
freshers Hiring - upto 25k
Network Kings IT Services Pvt. Ltd.
Zirakpur, Punjab
₹18,000 - ₹35,000 a month
Full-time +2
Health insurance
Cell phone reimbursement
Easily apply
Salary Search: freshers Hiring - upto 25k salaries in Zirakpur, Punjab
Telco help desk support
Pyramid Global Technologies
Mohali, Punjab
₹45,000 a month
Fresher +1
Night shift +1
View all Pyramid Global Technologies jobs - Mohali, Punjab jobs - Helpdesk Support jobs in Mohali, Punjab
Salary Search: Telco help desk support salaries in Mohali, Punjab
Associate Engineer - Technical Support
Vertex Infosoft
Punjab
Fresher
Salary Search: Associate Engineer - Technical Support salaries in Punjab
BDE/BDM/ IT Sales - 4LPA+INC
Network Kings IT Services Pvt. Ltd.
Zirakpur, Punjab
₹18,000 - ₹33,000 a month
Full-time +1
Health insurance
Cell phone reimbursement
Easily apply
Buisness Development Executive
Appcodie IT services
Mohali, Punjab
₹10,000.42 - ₹40,816.30 a month
Full-time +2
Health insurance
Paid time off
Paid sick time
Easily apply
IT Sales Representative
Henceforth Solutions
Mohali, Punjab
Fresher
Easily apply
Salary Search: IT Sales Representative salaries in Mohali, Punjab
See popular questions & answers about Henceforth Solutions
IT Sales Executive
Him Technology Private Limited
Mohali, Punjab
₹12,000 - ₹20,000 a month
Full-time +2
Easily apply
Salary Search: IT Sales Executive salaries in Mohali, Punjab
Sales Representative
NYXGEN IT
Mohali, Punjab
₹16,000 - ₹19,000 a month
Full-time +2
Night shift +1
Internet reimbursement
Easily apply
QA Engineer (Fresher)
Vertex Infosoft Solutions Pvt. Ltd
Mohali, Punjab
₹18,000 - ₹23,000 a month
Full-time +1
Food provided
Health insurance
Paid sick time
Easily apply
Technical Support Engineer (Fresher)
Vertex Infosoft Solutions Pvt. Ltd
Mohali, Punjab
₹18,000 - ₹23,000 a month
Full-time
Night shift +1
Health insurance
Paid time off
Paid sick time
Easily apply
Salary Search: Technical Support Engineer (Fresher) salaries in Mohali, Punjab
Fresher Desktop Engineer
Kaizen IT ServicesPvt Ltd.
Chandigarh, Chandigarh
₹18,000 - ₹20,000 a month
Full-time +2
Easily apply
View all Kaizen IT ServicesPvt Ltd. jobs - Chandigarh, Chandigarh jobs - Desktop Support Technician jobs in Chandigarh, Chandigarh
Salary Search: Fresher Desktop Engineer salaries in Chandigarh, Chandigarh
1
2
Get email updates for the latest it fresher jobs in Mohali, Punjab
By creating a job alert, you agree to our Terms
. You can change your consent settings at any time by unsubscribing or as detailed in our terms.
People also searched:
fresher
fresher software company
freshers job vacancy
web developer fresher
it
software developer fresher
fresher it
internship
it support engineer
office assistant
Web/IT Operations Associate (Fresh Graduates Welcome)
- job post
DigitoLogics
Mohali, Punjab
₹15,000 - ₹20,000 a month
Apply now
Job details
Pay
₹15,000 - ₹20,000 a month
Job type
Permanent
Fresher
Full-time
&nbsp;
Location
Mohali, Punjab
&nbsp;
Benefits
Pulled from the full job description
Paid time off
Paid sick time
Leave encashment
&nbsp;
Full job description
We are looking for Operations Associates for IT services to join our team at Mohali.
The job is about handling day-to-day tech and non-tech tasks online such as performing online research, data mining, managing MS Word and Excel, creating PPTs managing blogs, SEO, social media accounts, website changes, Calender Scheduling, generating invoices etc.
The candidates will get an opportunity to work with overseas clients and get exposure to live IT projects.
Work Responsibilities:
-Client interaction through Email & Phone
- Manage Social Media accounts
- Search Engine Optimization (SEO) - Website Audit, Competitor Analysis, On-page & Off-page SEO,Content promotion etc.
-Manage Microsoft Excel and Documents
-Prepare customer spreadsheets and keep online records
-Create PowerPoint presentations (PPTs) as assigned
-Manage Social media accounts, blogs, etc.
-Manage business development operations and work on platforms like up work, guru, etc.
-Learning new tools and platforms online
-Handle design related tasks and operate tools like Canva.
Key Skills
- Experience with word-processing software and spreadsheets (e.g. MS Office, MS Excel)
- Phone, email, and instant messaging (chat) skills
- Good organizational and time management skills
- Online Research
- Good verbal & written communication
- Possess strong interpersonal skills
Candidates with the following qualities will be preferred.
- Good listener
- Attention to detail
- Hardworking
- Passion to learn
Salary:
Job Types: Full-time, Permanent, Fresher
Pay: ₹15,000.00 - ₹20,000.00 per month
Benefits:
Leave encashment
Paid sick time
Paid time off
Ability to commute/relocate:
Mohali - 160055, Punjab: Reliably commute or planning to relocate before starting work (Required)
Application Question(s):
The Job location is Mohali. Are you able to commute or relocate to Mohali?
What's your current location?
Experience:
total work: 1 year (Preferred)
&nbsp;
Report job",,https://in.indeed.com/promo/resume?from=serptop3&subfrom=resprmrtop&trk.origin=jobsearch&trk.variant=resprmrtop&trk.tk=1jjqkp2nrhbvg8du
"Keyword : all jobs
&nbsp;
Edit location input box label
Find jobs
Pay
Within 25 kilometres
Job type
filter
Job Language
Programming language
filter
Education level
filter
Industry
filter
Date posted",,https://in.indeed.com/jobs?q=it%20fresher&l=Mohali%2C%20Punjab&sort=date
"Keyword : all jobs
&nbsp;
Edit location input box label
Find jobs
Pay
Within 25 kilometres
Job type
filter
Job Language
Programming language
filter
Education level
filter
Industry
filter
Date posted",,https://in.indeed.com/pagead/clk?mo=r&ad=-6NYlbfkN0Bxk-6w0MmsaUH-pDTqJG7gXvAAYh9JJS8m2EQX43Z-ujFyF2FNxqzgtCNH2OXBSyWQQo7hHV-LbA0lidKdeb2D0ZT5E62Qmbmc_lYtfJ0u9GyAtQr2AGAFiSp1k_3Ub7yP5Ys8WYdffsVbGQhR76b2wPiPkXAZMpMPWXXt9N7CWXykgUP2t8oWli8n8RHQTqnXQJTzcw_rlmuOioTBIE15XK84JlBCD72o9iOy0QAv_x4xblQbfIPmTKl8c13AqeCvE2A2DJtZ2kZ4lqxc8hdZtQOScj4juQOKBCAXw7t6fqMTR6-R6Qxrof5n9XB4d-1mx2rRtpYSQbnQC6GQtig2aorf-NHVjMPjwWHyuEHGRdc3zLHSurh5jImeMj4IDt94YjF45m7MCJPnJX7u80re8c4Dn5yrFZqyd8yb9hyEr2djFf1y6T5zYXuHbL_GxkwWLqXFpXnw2QiNIhZ4edbzXJFtb0wGpon_lN2ASVy8wa4BMmQcZB_5yUYEfHDBfelsvTB2tCwqi7wEHmOgWJt9iB89iHFCBx5drpNOS8NXCSHW0r5yAwOdNenq3JIignF4UIpNzq6uGk1i3QhuvSrmTsOHPH7EK0HgQf3caJSQYrcAwQiNHbVde3tEiSawd2aEDg5HtT3N03c8VUbjvPAt-HK8DoBcwfLzvf2UclTNMDsBuom7heKJVsrJ2vHywxNtoGHf5wlV-g==&xkcb=SoDC6_M3m6hrgbAfYT0LbzkdCdPP&camk=H-lBaXMUocKwM-EMelZwxQ==&p=0&fvj=0&vjs=3
"Keyword : all jobs
&nbsp;
Edit location input box label
Find jobs
Pay
Within 25 kilometres
Job type
filter
Job Language
Programming language
filter
Education level
filter
Industry
filter
Date posted",,https://in.indeed.com/pagead/clk?mo=r&ad=-6NYlbfkN0CDcdQzLtUEDscKf-c011LdiExfmVDRCblq6poy1jitjPMyUi3Qq3H1YGJ_Z0FKX_ZMUjqn_JxP4PzCQZTBn0eAbaTmfW70gr5UWqcxx29Fanbuc1LyuGPMhWZDMn7hDFUTUoG2w2WMpuJkHktCDnd1NeTuDZUTzfFsvSiNp2H9TlDB_Z2AvZUfG06aaoRl6QX5xBjOATBlmIOd5wWL1dobpkXyajrQuRG5vnuNHHimAxxSnrnHldptrZ2GmtfePdtsxODvYUXLM_LWX4-K0iVDNemu6RiGRkzXwBOCPKhZrvGyigupB8Dn-YwDVP62cWoS4_fFcSdrEgktxWm81rWUlS9uQs7jdDLvcxodQPDdKUv6ygufSTHIrA7Jyg-cp-OTyfSYCT13CbLXmFgOj0MTPaAQgpiGNvykM7il8idnQvlWwi_0iGXn5Zs2lrobQYH-IJscwITRRwyEMN-HhnKomrudxMeSupo4DhIdBuPwLwinKKJ8E0q-Rbxzu7uXgrEYb_o7GQZUdzskZVYCZoPh36WwsVU17fH7xUe9vaALTbs-PJYQh0l3fdXsg3ZbokHPYwxRkftxydLn0npCEC9BSelZIZNchmHmrtQAnwSGmYHZK8I8XQVxY7Cz_LeYpUxYfCEpQ34uEUqndioPRmlzz11srLegUTwkhOt-N7-jo6iGUil6i_QELqkjxaK6m__WY61CRlNRjQ==&xkcb=SoB26_M3m6hrgbAfYT0KbzkdCdPP&camk=UoKtGZLa3XJkHdfdNuH28g==&p=1&fvj=0&vjs=3
"Keyword : all jobs
&nbsp;
Edit location input box label
Find jobs
Pay
Within 25 kilometres
Job type
filter
Job Language
Programming language
filter
Education level
filter
Industry
filter
Date posted",,https://in.indeed.com/rc/clk?jk=d67253533ec97025&bb=SzHuj8xEKY3fCfwaL14nS_w3HRADhriIX2gC414SkCvEkjcq7YpixnDysfO3kwmdEE6fRGzU_cB5nMCbXT2duxAh9NCxlyt7tJoqJJAxkpalpw08mEVWFQaUBOz1xnucgSZ47j3s0gW2Rxk0jKOAig%3D%3D&xkcb=SoAf67M3m6hrgbAfYT0JbzkdCdPP&fccid=4c2424fcbbf58605&cmp=Onboardworks&ti=Fresher-+Non+Tech&vjs=3
"Keyword : all jobs
&nbsp;
Edit location input box label
Find jobs
Pay
Within 25 kilometres
Job type
filter
Job Language
Programming language
filter
Education level
filter
Industry
filter
Date posted",,https://in.indeed.com/q-onboardworks-jobs.html
"Keyword : all jobs
&nbsp;
Edit location input box label
Find jobs",,"https://in.indeed.com/l-mohali,-punjab-jobs.html"
"Keyword : all jobs
&nbsp;
Edit location input box label
Find jobs",,"https://in.indeed.com/q-new-graduate-l-mohali,-punjab-jobs.html"
"Keyword : all jobs
&nbsp;
Edit location input box label
Find jobs",,https://in.indeed.com/career/new-graduate/salaries/Mohali--Punjab?campaignid=serp-more&fromjk=d67253533ec97025&from=serp-more
"Keyword : all jobs
&nbsp;
Edit location input box label",,https://in.indeed.com/viewjob?jk=f1e2d3c4b5a67890
"Keyword : all jobs
&nbsp;
Edit location input box label",,https://in.indeed.com/q-onboardworks-jobs.html
Keyword : all jobs,,"https://in.indeed.com/l-mohali,-punjab-jobs.html"
Keyword : all jobs,,"https://in.indeed.com/q-new-graduate-l-mohali,-punjab-jobs.html"
&nbsp;,,https://in.indeed.com/career/new-graduate/salaries/Mohali--Punjab?campaignid=serp-more&fromjk=d67253533ec97025&from=serp-more
&nbsp;,,https://in.indeed.com/rc/clk?jk=35644058c676f58a&bb=SzHuj8xEKY3fCfwaL14nS_Kc9vICZoMO2Epma2fZNB_UPgxPGNW2hoWEjV5zOnNPqgWW9xkEN_Nmxl5Ubytqelia8zOfQe2tTIh-FYVeeDLwKdGv0-Q3MD3cPWOQsZ42AXL7egFV-60x5h1hMKOcEg%3D%3D&xkcb=SoCr67M3m6hrgbAfYT0IbzkdCdPP&fccid=32264c461f07bfc4&cmp=ThinkNext-Technologies&ti=Network+Engineer&vjs=3
&nbsp;,,https://in.indeed.com/q-thinknext-technologies-pvt.-ltd-jobs.html
Edit location input box label,,"https://in.indeed.com/l-mohali,-punjab-jobs.html"
Edit location input box label,,https://in.indeed.com/career/network-engineer/salaries/Mohali--Punjab?campaignid=serp-more&fromjk=35644058c676f58a&from=serp-more
Find jobs,,https://in.indeed.com/cmp/Thinknext-Technologies/faq
Find jobs,,https://in.indeed.com/rc/clk?jk=2b8320ce74a3cc3c&bb=SzHuj8xEKY3fCfwaL14nSzWx_02Eff9Wh2hp-SmuGGdNA9B14xpwoQqR-BnfcrlMT13557gbZoi8w7dhe9hJSzpC0HkrGySn2n_omGm3phOKIdCn-rC72XBTE1ZQXUImQzK2k9g29Lhe0o-kJ7Ag0g%3D%3D&xkcb=SoAl67M3m6hrgbAfYT0PbzkdCdPP&fccid=93da46fe17bd374f&cmp=Network-Kings-IT-Services-Pvt.-Ltd.&ti=Freshers+Hiring+-+Upto+25k&vjs=3
Find jobs,,https://in.indeed.com/q-network-kings-it-services-pvt.-ltd.-jobs.html
"Pay
Within 25 kilometres
Job type
filter
Job Language
Programming language
filter
Education level
filter
Industry
filter
Date posted",,"https://in.indeed.com/l-zirakpur,-punjab-jobs.html"
"Pay
Within 25 kilometres
Job type
filter
Job Language
Programming language
filter
Education level
filter
Industry
filter
Date posted",,"https://in.indeed.com/q-new-graduate-l-zirakpur,-punjab-jobs.html"
Pay,,https://in.indeed.com/career/new-graduate/salaries/Zirakpur--Punjab?campaignid=serp-more&fromjk=2b8320ce74a3cc3c&from=serp-more
Pay,,https://in.indeed.com/rc/clk?jk=d13ec621a3c7a323&bb=SzHuj8xEKY3fCfwaL14nSzaGbcXBOYnFZH6x9CLQG8qI_p7w-hurD8AX2WvpcHJ8MGBEWfQhcgPp_3kUf7ZbefHU1aP6w8BZvDyXB_DJ74atS3K5eJXBFbaOnFeQJpmePeqLtrkUHjWBeqlPwFyRxA%3D%3D&xkcb=SoCR67M3m6hrgbAfYT0ObzkdCdPP&fccid=00d4d1f9ab402961&vjs=3
Pay,,https://in.indeed.com/q-pyramid-global-technologies-jobs.html
Within 25 kilometres,,"https://in.indeed.com/l-mohali,-punjab-jobs.html"
Within 25 kilometres,,"https://in.indeed.com/q-helpdesk-support-l-mohali,-punjab-jobs.html"
Within 25 kilometres,,https://in.indeed.com/career/helpdesk-support/salaries/Mohali--Punjab?campaignid=serp-more&fromjk=d13ec621a3c7a323&from=serp-more
Within 25 kilometres,,https://in.indeed.com/rc/clk?jk=de8a7a98aaee2c93&bb=SzHuj8xEKY3fCfwaL14nS_w3HRADhriI3rvAwJj77a6crV-rJA1HzqtkS3YlwBtfY9yw6tvNA2jUQShldrpm_HgT_ChM0JL_Shox4fl3CE1ypxj6DG5o7hh7JgPbMnA1B8B2VsdUH1aUwRhq24wkfA%3D%3D&xkcb=SoAM67M3m6hrgbAfYT0NbzkdCdPP&fccid=dc80ebc7fc3a61b4&vjs=3
"Job type
filter",,https://in.indeed.com/q-vertex-infosoft-jobs.html
"Job type
filter",,https://in.indeed.com/l-punjab-jobs.html
Job type,,https://in.indeed.com/q-technical-support-l-punjab-jobs.html
filter,,https://in.indeed.com/career/technical-support/salaries/Punjab?campaignid=serp-more&fromjk=de8a7a98aaee2c93&from=serp-more
Job Language,,https://in.indeed.com/rc/clk?jk=82e7596df7881aea&bb=SzHuj8xEKY3fCfwaL14nS3aIef108F2W6fOiCr9lpBlDwwUDDsI7kMGHObzXi0z4azjyf9C4Q-v6mVk_9l6w9z6cXBX6I5gNHYbR7PdZbE3JZf67upxiclCppywEAn-4bnBg1cnEjLsezY-yR69vZA%3D%3D&xkcb=SoC467M3m6hrgbAfYT0MbzkdCdPP&fccid=93da46fe17bd374f&cmp=Network-Kings-IT-Services-Pvt.-Ltd.&ti=Sales&vjs=3
Job Language,,https://in.indeed.com/q-network-kings-it-services-pvt.-ltd.-jobs.html
Job Language,,"https://in.indeed.com/l-zirakpur,-punjab-jobs.html"
Job Language,,"https://in.indeed.com/q-sales-l-zirakpur,-punjab-jobs.html"
"Programming language
filter",,https://in.indeed.com/career/sales/salaries/Zirakpur--Punjab?campaignid=serp-more&fromjk=82e7596df7881aea&from=serp-more
"Programming language
filter",,https://in.indeed.com/rc/clk?jk=81eda6f973e89bda&bb=SzHuj8xEKY3fCfwaL14nS1ubjM9sACvqWeT1jlCeBcb1B2IVStMt9sfmGDcu7rxV6loP0q_JoNY0EZYp0DKqcP_FFNP9J-ES5PbnHOq1pClSfYywSxWTMSDS3v6dT9gfW6KMl4nlXeBDwDxGVY-1vQ%3D%3D&xkcb=SoBR67M3m6hrgbAfYT0DbzkdCdPP&fccid=46ca144eefa7a24d&cmp=Appcodie-IT-services&ti=Business+Development+Executive&vjs=3
Programming language,,https://in.indeed.com/q-appcodie-it-services-jobs.html
filter,,"https://in.indeed.com/l-mohali,-punjab-jobs.html"
"Education level
filter",,"https://in.indeed.com/q-business-development-executive-l-mohali,-punjab-jobs.html"
"Education level
filter",,https://in.indeed.com/career/business-development-executive/salaries/Mohali--Punjab?campaignid=serp-more&fromjk=81eda6f973e89bda&from=serp-more
Education level,,https://in.indeed.com/rc/clk?jk=59fa39eee6bab94c&bb=SzHuj8xEKY3fCfwaL14nS7WMgLdj2DtPBnomk8bN6tdSjRSSwkBlhxDKXSPApEBomGFT0SNqaaLU3uch7NXK5T6e8Jg4rGQ-lY-tEthLaO6Q_hJNSlx_cqDPwiP5gJwLmEe8i6i8voFP5YAglfXPtA%3D%3D&xkcb=SoDl67M3m6hrgbAfYT0CbzkdCdPP&fccid=cbd397043482f092&cmp=henceforth-solutions&ti=Sales+Representative&vjs=3
filter,,https://in.indeed.com/q-henceforth-solutions-jobs.html
"Industry
filter",,"https://in.indeed.com/l-mohali,-punjab-jobs.html"
"Industry
filter",,"https://in.indeed.com/q-sales-representative-l-mohali,-punjab-jobs.html"
Industry,,https://in.indeed.com/career/sales-representative/salaries/Mohali--Punjab?campaignid=serp-more&fromjk=59fa39eee6bab94c&from=serp-more
filter,,https://in.indeed.com/cmp/Henceforth-Solutions-2/faq
Date posted,,https://in.indeed.com/rc/clk?jk=03c29455af9d17cf&bb=SzHuj8xEKY3fCfwaL14nSzPGq6FABJRNcm2CP831qVHTyJWRnQZYtfTjJCme0VGtsdQEecVCCnXJC6Nl9zbtFbmFcueqmCsCfhkhJrFITEBp91tzDJd25RO-u8NP7dHAlN4BkqKVLhMsLO9LjpoxRA%3D%3D&xkcb=SoB467M3m6hrgbAfYT0BbzkdCdPP&fccid=5042cf9e6e488534&cmp=Him-Technology-Private-Limited&ti=IT+Executive&vjs=3
Date posted,,https://in.indeed.com/q-him-technology-private-limited-jobs.html
Date posted,,"https://in.indeed.com/l-mohali,-punjab-jobs.html"
"Upload your CV
and find your next job on Indeed!
&nbsp;
it fresher jobs in Mohali, Punjab
Sort by:
relevance - date
Web/IT Operations Associate (Fresh Graduates Welcome)
Urgently hiring
DigitoLogics
Mohali, Punjab
₹15,000 - ₹20,000 a month
Full-time +2
Paid time off
Paid sick time
Leave encashment
Easily apply
IT Support Trainee - Web Hosting
New
Hiring multiple candidates
GRABWEB MANAGED HOSTING
Panchkula, Haryana
₹10,000 - ₹15,000 a month
Full-time
Easily apply
Fresher- Non tech
Onboardworks
Mohali, Punjab
₹18,000.00 - ₹31,653.88 a month
Full-time
Easily apply
Network Engineer
ThinkNEXT Technologies Pvt. Ltd
Mohali, Punjab
₹12,000 - ₹25,000 a month
Full-time +2
Easily apply
Salary Search: Network Engineer salaries in Mohali, Punjab
See popular questions & answers about ThinkNEXT Technologies Pvt. Ltd
freshers Hiring - upto 25k
Network Kings IT Services Pvt. Ltd.
Zirakpur, Punjab
₹18,000 - ₹35,000 a month
Full-time +2
Health insurance
Cell phone reimbursement
Easily apply
Salary Search: freshers Hiring - upto 25k salaries in Zirakpur, Punjab
Telco help desk support
Pyramid Global Technologies
Mohali, Punjab
₹45,000 a month
Fresher +1
Night shift +1
View all Pyramid Global Technologies jobs - Mohali, Punjab jobs - Helpdesk Support jobs in Mohali, Punjab
Salary Search: Telco help desk support salaries in Mohali, Punjab
Associate Engineer - Technical Support
Vertex Infosoft
Punjab
Fresher
Salary Search: Associate Engineer - Technical Support salaries in Punjab
BDE/BDM/ IT Sales - 4LPA+INC
Network Kings IT Services Pvt. Ltd.
Zirakpur, Punjab
₹18,000 - ₹33,000 a month
Full-time +1
Health insurance
Cell phone reimbursement
Easily apply
Buisness Development Executive
Appcodie IT services
Mohali, Punjab
₹10,000.42 - ₹40,816.30 a month
Full-time +2
Health insurance
Paid time off
Paid sick time
Easily apply
IT Sales Representative
Henceforth Solutions
Mohali, Punjab
Fresher
Easily apply
Salary Search: IT Sales Representative salaries in Mohali, Punjab
See popular questions & answers about Henceforth Solutions
IT Sales Executive
Him Technology Private Limited
Mohali, Punjab
₹12,000 - ₹20,000 a month
Full-time +2
Easily apply
Salary Search: IT Sales Executive salaries in Mohali, Punjab
Sales Representative
NYXGEN IT
Mohali, Punjab
₹16,000 - ₹19,000 a month
Full-time +2
Night shift +1
Internet reimbursement
Easily apply
QA Engineer (Fresher)
Vertex Infosoft Solutions Pvt. Ltd
Mohali, Punjab
₹18,000 - ₹23,000 a month
Full-time +1
Food provided
Health insurance
Paid sick time
Easily apply
Technical Support Engineer (Fresher)
Vertex Infosoft Solutions Pvt. Ltd
Mohali, Punjab
₹18,000 - ₹23,000 a month
Full-time
Night shift +1
Health insurance
Paid time off
Paid sick time
Easily apply
Salary Search: Technical Support Engineer (Fresher) salaries in Mohali, Punjab
Fresher Desktop Engineer
Kaizen IT ServicesPvt Ltd.
Chandigarh, Chandigarh
₹18,000 - ₹20,000 a month
Full-time +2
Easily apply
View all Kaizen IT ServicesPvt Ltd. jobs - Chandigarh, Chandigarh jobs - Desktop Support Technician jobs in Chandigarh, Chandigarh
Salary Search: Fresher Desktop Engineer salaries in Chandigarh, Chandigarh
1
2
Get email updates for the latest it fresher jobs in Mohali, Punjab
By creating a job alert, you agree to our Terms
. You can change your consent settings at any time by unsubscribing or as detailed in our terms.
People also searched:
fresher
fresher software company
freshers job vacancy
web developer fresher
it
software developer fresher
fresher it
internship
it support engineer
office assistant
Web/IT Operations Associate (Fresh Graduates Welcome)
- job post
DigitoLogics
Mohali, Punjab
₹15,000 - ₹20,000 a month
Apply now
Job details
Pay
₹15,000 - ₹20,000 a month
Job type
Permanent
Fresher
Full-time
&nbsp;
Location
Mohali, Punjab
&nbsp;
Benefits
Pulled from the full job description
Paid time off
Paid sick time
Leave encashment
&nbsp;
Full job description
We are looking for Operations Associates for IT services to join our team at Mohali.
The job is about handling day-to-day tech and non-tech tasks online such as performing online research, data mining, managing MS Word and Excel, creating PPTs managing blogs, SEO, social media accounts, website changes, Calender Scheduling, generating invoices etc.
The candidates will get an opportunity to work with overseas clients and get exposure to live IT projects.
Work Responsibilities:
-Client interaction through Email & Phone
- Manage Social Media accounts
- Search Engine Optimization (SEO) - Website Audit, Competitor Analysis, On-page & Off-page SEO,Content promotion etc.
-Manage Microsoft Excel and Documents
-Prepare customer spreadsheets and keep online records
-Create PowerPoint presentations (PPTs) as assigned
-Manage Social media accounts, blogs, etc.
-Manage business development operations and work on platforms like up work, guru, etc.
-Learning new tools and platforms online
-Handle design related tasks and operate tools like Canva.
Key Skills
- Experience with word-processing software and spreadsheets (e.g. MS Office, MS Excel)
- Phone, email, and instant messaging (chat) skills
- Good organizational and time management skills
- Online Research
- Good verbal & written communication
- Possess strong interpersonal skills
Candidates with the following qualities will be preferred.
- Good listener
- Attention to detail
- Hardworking
- Passion to learn
Salary:
Job Types: Full-time, Permanent, Fresher
Pay: ₹15,000.00 - ₹20,000.00 per month
Benefits:
Leave encashment
Paid sick time
Paid time off
Ability to commute/relocate:
Mohali - 160055, Punjab: Reliably commute or planning to relocate before starting work (Required)
Application Question(s):
The Job location is Mohali. Are you able to commute or relocate to Mohali?
What's your current location?
Experience:
total work: 1 year (Preferred)
&nbsp;
Report job",,"https://in.indeed.com/q-it-executive-l-mohali,-punjab-jobs.html"
"Upload your CV
and find your next job on Indeed!
&nbsp;
it fresher jobs in Mohali, Punjab
Sort by:
relevance - date
Web/IT Operations Associate (Fresh Graduates Welcome)
Urgently hiring
DigitoLogics
Mohali, Punjab
₹15,000 - ₹20,000 a month
Full-time +2
Paid time off
Paid sick time
Leave encashment
Easily apply
IT Support Trainee - Web Hosting
New
Hiring multiple candidates
GRABWEB MANAGED HOSTING
Panchkula, Haryana
₹10,000 - ₹15,000 a month
Full-time
Easily apply
Fresher- Non tech
Onboardworks
Mohali, Punjab
₹18,000.00 - ₹31,653.88 a month
Full-time
Easily apply
Network Engineer
ThinkNEXT Technologies Pvt. Ltd
Mohali, Punjab
₹12,000 - ₹25,000 a month
Full-time +2
Easily apply
Salary Search: Network Engineer salaries in Mohali, Punjab
See popular questions & answers about ThinkNEXT Technologies Pvt. Ltd
freshers Hiring - upto 25k
Network Kings IT Services Pvt. Ltd.
Zirakpur, Punjab
₹18,000 - ₹35,000 a month
Full-time +2
Health insurance
Cell phone reimbursement
Easily apply
Salary Search: freshers Hiring - upto 25k salaries in Zirakpur, Punjab
Telco help desk support
Pyramid Global Technologies
Mohali, Punjab
₹45,000 a month
Fresher +1
Night shift +1
View all Pyramid Global Technologies jobs - Mohali, Punjab jobs - Helpdesk Support jobs in Mohali, Punjab
Salary Search: Telco help desk support salaries in Mohali, Punjab
Associate Engineer - Technical Support
Vertex Infosoft
Punjab
Fresher
Salary Search: Associate Engineer - Technical Support salaries in Punjab
BDE/BDM/ IT Sales - 4LPA+INC
Network Kings IT Services Pvt. Ltd.
Zirakpur, Punjab
₹18,000 - ₹33,000 a month
Full-time +1
Health insurance
Cell phone reimbursement
Easily apply
Buisness Development Executive
Appcodie IT services
Mohali, Punjab
₹10,000.42 - ₹40,816.30 a month
Full-time +2
Health insurance
Paid time off
Paid sick time
Easily apply
IT Sales Representative
Henceforth Solutions
Mohali, Punjab
Fresher
Easily apply
Salary Search: IT Sales Representative salaries in Mohali, Punjab
See popular questions & answers about Henceforth Solutions
IT Sales Executive
Him Technology Private Limited
Mohali, Punjab
₹12,000 - ₹20,000 a month
Full-time +2
Easily apply
Salary Search: IT Sales Executive salaries in Mohali, Punjab
Sales Representative
NYXGEN IT
Mohali, Punjab
₹16,000 - ₹19,000 a month
Full-time +2
Night shift +1
Internet reimbursement
Easily apply
QA Engineer (Fresher)
Vertex Infosoft Solutions Pvt. Ltd
Mohali, Punjab
₹18,000 - ₹23,000 a month
Full-time +1
Food provided
Health insurance
Paid sick time
Easily apply
Technical Support Engineer (Fresher)
Vertex Infosoft Solutions Pvt. Ltd
Mohali, Punjab
₹18,000 - ₹23,000 a month
Full-time
Night shift +1
Health insurance
Paid time off
Paid sick time
Easily apply
Salary Search: Technical Support Engineer (Fresher) salaries in Mohali, Punjab
Fresher Desktop Engineer
Kaizen IT ServicesPvt Ltd.
Chandigarh, Chandigarh
₹18,000 - ₹20,000 a month
Full-time +2
Easily apply
View all Kaizen IT ServicesPvt Ltd. jobs - Chandigarh, Chandigarh jobs - Desktop Support Technician jobs in Chandigarh, Chandigarh
Salary Search: Fresher Desktop Engineer salaries in Chandigarh, Chandigarh
1
2
Get email updates for the latest it fresher jobs in Mohali, Punjab
By creating a job alert, you agree to our Terms
. You can change your consent settings at any time by unsubscribing or as detailed in our terms.
People also searched:
fresher
fresher software company
freshers job vacancy
web developer fresher
it
software developer fresher
fresher it
internship
it support engineer
office assistant
Web/IT Operations Associate (Fresh Graduates Welcome)
- job post
DigitoLogics
Mohali, Punjab
₹15,000 - ₹20,000 a month
Apply now
Job details
Pay
₹15,000 - ₹20,000 a month
Job type
Permanent
Fresher
Full-time
&nbsp;
Location
Mohali, Punjab
&nbsp;
Benefits
Pulled from the full job description
Paid time off
Paid sick time
Leave encashment
&nbsp;
Full job description
We are looking for Operations Associates for IT services to join our team at Mohali.
The job is about handling day-to-day tech and non-tech tasks online such as performing online research, data mining, managing MS Word and Excel, creating PPTs managing blogs, SEO, social media accounts, website changes, Calender Scheduling, generating invoices etc.
The candidates will get an opportunity to work with overseas clients and get exposure to live IT projects.
Work Responsibilities:
-Client interaction through Email & Phone
- Manage Social Media accounts
- Search Engine Optimization (SEO) - Website Audit, Competitor Analysis, On-page & Off-page SEO,Content promotion etc.
-Manage Microsoft Excel and Documents
-Prepare customer spreadsheets and keep online records
-Create PowerPoint presentations (PPTs) as assigned
-Manage Social media accounts, blogs, etc.
-Manage business development operations and work on platforms like up work, guru, etc.
-Learning new tools and platforms online
-Handle design related tasks and operate tools like Canva.
Key Skills
- Experience with word-processing software and spreadsheets (e.g. MS Office, MS Excel)
- Phone, email, and instant messaging (chat) skills
- Good organizational and time management skills
- Online Research
- Good verbal & written communication
- Possess strong interpersonal skills
Candidates with the following qualities will be preferred.
- Good listener
- Attention to detail
- Hardworking
- Passion to learn
Salary:
Job Types: Full-time, Permanent, Fresher
Pay: ₹15,000.00 - ₹20,000.00 per month
Benefits:
Leave encashment
Paid sick time
Paid time off
Ability to commute/relocate:
Mohali - 160055, Punjab: Reliably commute or planning to relocate before starting work (Required)
Application Question(s):
The Job location is Mohali. Are you able to commute or relocate to Mohali?
What's your current location?
Experience:
total work: 1 year (Preferred)
&nbsp;
Report job",,https://in.indeed.com/career/it-executive/salaries/Mohali--Punjab?campaignid=serp-more&fromjk=03c29455af9d17cf&from=serp-more
"Upload your CV
and find your next job on Indeed!
&nbsp;
it fresher jobs in Mohali, Punjab
Sort by:
relevance - date
Web/IT Operations Associate (Fresh Graduates Welcome)
Urgently hiring
DigitoLogics
Mohali, Punjab
₹15,000 - ₹20,000 a month
Full-time +2
Paid time off
Paid sick time
Leave encashment
Easily apply
IT Support Trainee - Web Hosting
New
Hiring multiple candidates
GRABWEB MANAGED HOSTING
Panchkula, Haryana
₹10,000 - ₹15,000 a month
Full-time
Easily apply
Fresher- Non tech
Onboardworks
Mohali, Punjab
₹18,000.00 - ₹31,653.88 a month
Full-time
Easily apply
Network Engineer
ThinkNEXT Technologies Pvt. Ltd
Mohali, Punjab
₹12,000 - ₹25,000 a month
Full-time +2
Easily apply
Salary Search: Network Engineer salaries in Mohali, Punjab
See popular questions & answers about ThinkNEXT Technologies Pvt. Ltd
freshers Hiring - upto 25k
Network Kings IT Services Pvt. Ltd.
Zirakpur, Punjab
₹18,000 - ₹35,000 a month
Full-time +2
Health insurance
Cell phone reimbursement
Easily apply
Salary Search: freshers Hiring - upto 25k salaries in Zirakpur, Punjab
Telco help desk support
Pyramid Global Technologies
Mohali, Punjab
₹45,000 a month
Fresher +1
Night shift +1
View all Pyramid Global Technologies jobs - Mohali, Punjab jobs - Helpdesk Support jobs in Mohali, Punjab
Salary Search: Telco help desk support salaries in Mohali, Punjab
Associate Engineer - Technical Support
Vertex Infosoft
Punjab
Fresher
Salary Search: Associate Engineer - Technical Support salaries in Punjab
BDE/BDM/ IT Sales - 4LPA+INC
Network Kings IT Services Pvt. Ltd.
Zirakpur, Punjab
₹18,000 - ₹33,000 a month
Full-time +1
Health insurance
Cell phone reimbursement
Easily apply
Buisness Development Executive
Appcodie IT services
Mohali, Punjab
₹10,000.42 - ₹40,816.30 a month
Full-time +2
Health insurance
Paid time off
Paid sick time
Easily apply
IT Sales Representative
Henceforth Solutions
Mohali, Punjab
Fresher
Easily apply
Salary Search: IT Sales Representative salaries in Mohali, Punjab
See popular questions & answers about Henceforth Solutions
IT Sales Executive
Him Technology Private Limited
Mohali, Punjab
₹12,000 - ₹20,000 a month
Full-time +2
Easily apply
Salary Search: IT Sales Executive salaries in Mohali, Punjab
Sales Representative
NYXGEN IT
Mohali, Punjab
₹16,000 - ₹19,000 a month
Full-time +2
Night shift +1
Internet reimbursement
Easily apply
QA Engineer (Fresher)
Vertex Infosoft Solutions Pvt. Ltd
Mohali, Punjab
₹18,000 - ₹23,000 a month
Full-time +1
Food provided
Health insurance
Paid sick time
Easily apply
Technical Support Engineer (Fresher)
Vertex Infosoft Solutions Pvt. Ltd
Mohali, Punjab
₹18,000 - ₹23,000 a month
Full-time
Night shift +1
Health insurance
Paid time off
Paid sick time
Easily apply
Salary Search: Technical Support Engineer (Fresher) salaries in Mohali, Punjab
Fresher Desktop Engineer
Kaizen IT ServicesPvt Ltd.
Chandigarh, Chandigarh
₹18,000 - ₹20,000 a month
Full-time +2
Easily apply
View all Kaizen IT ServicesPvt Ltd. jobs - Chandigarh, Chandigarh jobs - Desktop Support Technician jobs in Chandigarh, Chandigarh
Salary Search: Fresher Desktop Engineer salaries in Chandigarh, Chandigarh
1
2
Get email updates for the latest it fresher jobs in Mohali, Punjab
By creating a job alert, you agree to our Terms
. You can change your consent settings at any time by unsubscribing or as detailed in our terms.
People also searched:
fresher
fresher software company
freshers job vacancy
web developer fresher
it
software developer fresher
fresher it
internship
it support engineer
office assistant",,https://in.indeed.com/rc/clk?jk=81707c3824e0ba7b&bb=SzHuj8xEKY3fCfwaL14nS8z08jy1zra1gZSdCAElGQijMzJNGv9VKq8VH2CC6uAHCMCJEPq4_TLsEExpmBv1LzaDzN0AIEMUZJG5uDeU3mLrzaOzkKCmlksdNAi-LXfNDg0cf9yJ-21_effLakeUPQ%3D%3D&xkcb=SoDM67M3m6hrgbAfYT0AbzkdCdPP&fccid=325738f921e5bf16&cmp=NYXGEN-IT&ti=Sales+Representative&vjs=3
"Upload your CV
and find your next job on Indeed!
&nbsp;",,https://in.indeed.com/q-nyxgen-it-jobs.html
Upload your CV,,"https://in.indeed.com/l-mohali,-punjab-jobs.html"
and find your next job on Indeed!,,https://in.indeed.com/career/sales-representative/salaries/Mohali--Punjab?campaignid=serp-more&fromjk=81707c3824e0ba7b&from=serp-more
&nbsp;,,https://in.indeed.com/rc/clk?jk=11ecb798d869ad5c&bb=SzHuj8xEKY3fCfwaL14nS2lHPusrNZ3OUXMK1LMmgIFlVLYmM7vpaDoOxbBve-U8mlcgPMJEYugCv-Gth5yJOWHbN_FjzcL0n4Cdzk2bBLe2Ztiu3l2cBXFYIX8_iDPmDMBtQsyVovzK1CIL7c3SVA%3D%3D&xkcb=SoBC67M3m6hrgbAfYT0HbzkdCdPP&fccid=0a34b0bfa7302e93&cmp=Vertex-Infosoft-Solutions-Pvt.-Ltd&ti=Quality+Assurance+Engineer&vjs=3
&nbsp;,,https://in.indeed.com/q-vertex-infosoft-solutions-pvt.-ltd-jobs.html
&nbsp;,,"https://in.indeed.com/l-mohali,-punjab-jobs.html"
"it fresher jobs in Mohali, Punjab
Sort by:
relevance - date",,"https://in.indeed.com/q-quality-assurance-engineer-l-mohali,-punjab-jobs.html"
"it fresher jobs in Mohali, Punjab",,https://in.indeed.com/career/quality-assurance-engineer/salaries/Mohali--Punjab?campaignid=serp-more&fromjk=11ecb798d869ad5c&from=serp-more
"it fresher jobs in Mohali, Punjab",,https://in.indeed.com/rc/clk?jk=ce5ba1b92642f1eb&bb=SzHuj8xEKY3fCfwaL14nS2nkgEUcbCW0n-Cxr19jRfMq_v9cjzAVe7fwPCEqj5STeqZZ103wFaylMjmJ9P00UovIGBuJPp-UV_RxnaRJKQl1dDfZAlH8C0xihLAxyOHJ7dOIowN78JkHo2QuicUV5w%3D%3D&xkcb=SoD267M3m6hrgbAfYT0GbzkdCdPP&fccid=0a34b0bfa7302e93&cmp=Vertex-Infosoft-Solutions-Pvt.-Ltd&ti=Technical+Support+Engineer&vjs=3
"Sort by:
relevance - date",,https://in.indeed.com/q-vertex-infosoft-solutions-pvt.-ltd-jobs.html
"Sort by:
relevance - date",,"https://in.indeed.com/l-mohali,-punjab-jobs.html"
Sort by:,,"https://in.indeed.com/q-technical-support-engineer-l-mohali,-punjab-jobs.html"
relevance - date,,https://in.indeed.com/career/technical-support-engineer/salaries/Mohali--Punjab?campaignid=serp-more&fromjk=ce5ba1b92642f1eb&from=serp-more
relevance,,https://in.indeed.com/rc/clk?jk=77f32227dbb2c44b&bb=SzHuj8xEKY3fCfwaL14nS94C0JsGON0Iwt29E7DmK_WgsA1uCSnebahm5vaeQF1JyBl-biXb2ZnQooNEGMsCgi0G6oJMiUzIZXWQg4k82d3rQAbu1gOgsLiv3oLk2JRwjHySNrPxAGlvMKyWc4suAA%3D%3D&xkcb=SoBr67M3m6hrgbAfYT0FbzkdCdPP&fccid=13ebf9ce99f3a35e&cmp=Kaizen-IT-Services-Pvt-Ltd&ti=Desktop+Support+Technician&vjs=3
date,,https://in.indeed.com/q-kaizen-it-servicespvt-ltd.-jobs.html
date,,"https://in.indeed.com/l-chandigarh,-chandigarh-jobs.html"
"Web/IT Operations Associate (Fresh Graduates Welcome)
Urgently hiring
DigitoLogics
Mohali, Punjab
₹15,000 - ₹20,000 a month
Full-time +2
Paid time off
Paid sick time
Leave encashment
Easily apply
IT Support Trainee - Web Hosting
New
Hiring multiple candidates
GRABWEB MANAGED HOSTING
Panchkula, Haryana
₹10,000 - ₹15,000 a month
Full-time
Easily apply
Fresher- Non tech
Onboardworks
Mohali, Punjab
₹18,000.00 - ₹31,653.88 a month
Full-time
Easily apply
Network Engineer
ThinkNEXT Technologies Pvt. Ltd
Mohali, Punjab
₹12,000 - ₹25,000 a month
Full-time +2
Easily apply
Salary Search: Network Engineer salaries in Mohali, Punjab
See popular questions & answers about ThinkNEXT Technologies Pvt. Ltd
freshers Hiring - upto 25k
Network Kings IT Services Pvt. Ltd.
Zirakpur, Punjab
₹18,000 - ₹35,000 a month
Full-time +2
Health insurance
Cell phone reimbursement
Easily apply
Salary Search: freshers Hiring - upto 25k salaries in Zirakpur, Punjab
Telco help desk support
Pyramid Global Technologies
Mohali, Punjab
₹45,000 a month
Fresher +1
Night shift +1
View all Pyramid Global Technologies jobs - Mohali, Punjab jobs - Helpdesk Support jobs in Mohali, Punjab
Salary Search: Telco help desk support salaries in Mohali, Punjab
Associate Engineer - Technical Support
Vertex Infosoft
Punjab
Fresher
Salary Search: Associate Engineer - Technical Support salaries in Punjab
BDE/BDM/ IT Sales - 4LPA+INC
Network Kings IT Services Pvt. Ltd.
Zirakpur, Punjab
₹18,000 - ₹33,000 a month
Full-time +1
Health insurance
Cell phone reimbursement
Easily apply
Buisness Development Executive
Appcodie IT services
Mohali, Punjab
₹10,000.42 - ₹40,816.30 a month
Full-time +2
Health insurance
Paid time off
Paid sick time
Easily apply
IT Sales Representative
Henceforth Solutions
Mohali, Punjab
Fresher
Easily apply
Salary Search: IT Sales Representative salaries in Mohali, Punjab
See popular questions & answers about Henceforth Solutions
IT Sales Executive
Him Technology Private Limited
Mohali, Punjab
₹12,000 - ₹20,000 a month
Full-time +2
Easily apply
Salary Search: IT Sales Executive salaries in Mohali, Punjab
Sales Representative
NYXGEN IT
Mohali, Punjab
₹16,000 - ₹19,000 a month
Full-time +2
Night shift +1
Internet reimbursement
Easily apply
QA Engineer (Fresher)
Vertex Infosoft Solutions Pvt. Ltd
Mohali, Punjab
₹18,000 - ₹23,000 a month
Full-time +1
Food provided
Health insurance
Paid sick time
Easily apply
Technical Support Engineer (Fresher)
Vertex Infosoft Solutions Pvt. Ltd
Mohali, Punjab
₹18,000 - ₹23,000 a month
Full-time
Night shift +1
Health insurance
Paid time off
Paid sick time
Easily apply
Salary Search: Technical Support Engineer (Fresher) salaries in Mohali, Punjab
Fresher Desktop Engineer
Kaizen IT ServicesPvt Ltd.
Chandigarh, Chandigarh
₹18,000 - ₹20,000 a month
Full-time +2
Easily apply
View all Kaizen IT ServicesPvt Ltd. jobs - Chandigarh, Chandigarh jobs - Desktop Support Technician jobs in Chandigarh, Chandigarh
Salary Search: Fresher Desktop Engineer salaries in Chandigarh, Chandigarh",,"https://in.indeed.com/q-desktop-support-technician-l-chandigarh,-chandigarh-jobs.html"
"Web/IT Operations Associate (Fresh Graduates Welcome)
Urgently hiring
DigitoLogics
Mohali, Punjab
₹15,000 - ₹20,000 a month
Full-time +2
Paid time off
Paid sick time
Leave encashment
Easily apply
IT Support Trainee - Web Hosting
New
Hiring multiple candidates
GRABWEB MANAGED HOSTING
Panchkula, Haryana
₹10,000 - ₹15,000 a month
Full-time
Easily apply
Fresher- Non tech
Onboardworks
Mohali, Punjab
₹18,000.00 - ₹31,653.88 a month
Full-time
Easily apply
Network Engineer
ThinkNEXT Technologies Pvt. Ltd
Mohali, Punjab
₹12,000 - ₹25,000 a month
Full-time +2
Easily apply
Salary Search: Network Engineer salaries in Mohali, Punjab
See popular questions & answers about ThinkNEXT Technologies Pvt. Ltd
freshers Hiring - upto 25k
Network Kings IT Services Pvt. Ltd.
Zirakpur, Punjab
₹18,000 - ₹35,000 a month
Full-time +2
Health insurance
Cell phone reimbursement
Easily apply
Salary Search: freshers Hiring - upto 25k salaries in Zirakpur, Punjab
Telco help desk support
Pyramid Global Technologies
Mohali, Punjab
₹45,000 a month
Fresher +1
Night shift +1
View all Pyramid Global Technologies jobs - Mohali, Punjab jobs - Helpdesk Support jobs in Mohali, Punjab
Salary Search: Telco help desk support salaries in Mohali, Punjab
Associate Engineer - Technical Support
Vertex Infosoft
Punjab
Fresher
Salary Search: Associate Engineer - Technical Support salaries in Punjab
BDE/BDM/ IT Sales - 4LPA+INC
Network Kings IT Services Pvt. Ltd.
Zirakpur, Punjab
₹18,000 - ₹33,000 a month
Full-time +1
Health insurance
Cell phone reimbursement
Easily apply
Buisness Development Executive
Appcodie IT services
Mohali, Punjab
₹10,000.42 - ₹40,816.30 a month
Full-time +2
Health insurance
Paid time off
Paid sick time
Easily apply
IT Sales Representative
Henceforth Solutions
Mohali, Punjab
Fresher
Easily apply
Salary Search: IT Sales Representative salaries in Mohali, Punjab
See popular questions & answers about Henceforth Solutions
IT Sales Executive
Him Technology Private Limited
Mohali, Punjab
₹12,000 - ₹20,000 a month
Full-time +2
Easily apply
Salary Search: IT Sales Executive salaries in Mohali, Punjab
Sales Representative
NYXGEN IT
Mohali, Punjab
₹16,000 - ₹19,000 a month
Full-time +2
Night shift +1
Internet reimbursement
Easily apply
QA Engineer (Fresher)
Vertex Infosoft Solutions Pvt. Ltd
Mohali, Punjab
₹18,000 - ₹23,000 a month
Full-time +1
Food provided
Health insurance
Paid sick time
Easily apply
Technical Support Engineer (Fresher)
Vertex Infosoft Solutions Pvt. Ltd
Mohali, Punjab
₹18,000 - ₹23,000 a month
Full-time
Night shift +1
Health insurance
Paid time off
Paid sick time
Easily apply
Salary Search: Technical Support Engineer (Fresher) salaries in Mohali, Punjab
Fresher Desktop Engineer
Kaizen IT ServicesPvt Ltd.
Chandigarh, Chandigarh
₹18,000 - ₹20,000 a month
Full-time +2
Easily apply
View all Kaizen IT ServicesPvt Ltd. jobs - Chandigarh, Chandigarh jobs - Desktop Support Technician jobs in Chandigarh, Chandigarh
Salary Search: Fresher Desktop Engineer salaries in Chandigarh, Chandigarh",,https://in.indeed.com/career/desktop-support-technician/salaries/Chandigarh--Chandigarh?campaignid=serp-more&fromjk=77f32227dbb2c44b&from=serp-more
"Web/IT Operations Associate (Fresh Graduates Welcome)
Urgently hiring
DigitoLogics
Mohali, Punjab
₹15,000 - ₹20,000 a month
Full-time +2
Paid time off
Paid sick time
Leave encashment
Easily apply
IT Support Trainee - Web Hosting
New
Hiring multiple candidates
GRABWEB MANAGED HOSTING
Panchkula, Haryana
₹10,000 - ₹15,000 a month
Full-time
Easily apply
Fresher- Non tech
Onboardworks
Mohali, Punjab
₹18,000.00 - ₹31,653.88 a month
Full-time
Easily apply
Network Engineer
ThinkNEXT Technologies Pvt. Ltd
Mohali, Punjab
₹12,000 - ₹25,000 a month
Full-time +2
Easily apply
Salary Search: Network Engineer salaries in Mohali, Punjab
See popular questions & answers about ThinkNEXT Technologies Pvt. Ltd
freshers Hiring - upto 25k
Network Kings IT Services Pvt. Ltd.
Zirakpur, Punjab
₹18,000 - ₹35,000 a month
Full-time +2
Health insurance
Cell phone reimbursement
Easily apply
Salary Search: freshers Hiring - upto 25k salaries in Zirakpur, Punjab
Telco help desk support
Pyramid Global Technologies
Mohali, Punjab
₹45,000 a month
Fresher +1
Night shift +1
View all Pyramid Global Technologies jobs - Mohali, Punjab jobs - Helpdesk Support jobs in Mohali, Punjab
Salary Search: Telco help desk support salaries in Mohali, Punjab
Associate Engineer - Technical Support
Vertex Infosoft
Punjab
Fresher
Salary Search: Associate Engineer - Technical Support salaries in Punjab
BDE/BDM/ IT Sales - 4LPA+INC
Network Kings IT Services Pvt. Ltd.
Zirakpur, Punjab
₹18,000 - ₹33,000 a month
Full-time +1
Health insurance
Cell phone reimbursement
Easily apply
Buisness Development Executive
Appcodie IT services
Mohali, Punjab
₹10,000.42 - ₹40,816.30 a month
Full-time +2
Health insurance
Paid time off
Paid sick time
Easily apply
IT Sales Representative
Henceforth Solutions
Mohali, Punjab
Fresher
Easily apply
Salary Search: IT Sales Representative salaries in Mohali, Punjab
See popular questions & answers about Henceforth Solutions
IT Sales Executive
Him Technology Private Limited
Mohali, Punjab
₹12,000 - ₹20,000 a month
Full-time +2
Easily apply
Salary Search: IT Sales Executive salaries in Mohali, Punjab
Sales Representative
NYXGEN IT
Mohali, Punjab
₹16,000 - ₹19,000 a month
Full-time +2
Night shift +1
Internet reimbursement
Easily apply
QA Engineer (Fresher)
Vertex Infosoft Solutions Pvt. Ltd
Mohali, Punjab
₹18,000 - ₹23,000 a month
Full-time +1
Food provided
Health insurance
Paid sick time
Easily apply
Technical Support Engineer (Fresher)
Vertex Infosoft Solutions Pvt. Ltd
Mohali, Punjab
₹18,000 - ₹23,000 a month
Full-time
Night shift +1
Health insurance
Paid time off
Paid sick time
Easily apply
Salary Search: Technical Support Engineer (Fresher) salaries in Mohali, Punjab
Fresher Desktop Engineer
Kaizen IT ServicesPvt Ltd.
Chandigarh, Chandigarh
₹18,000 - ₹20,000 a month
Full-time +2
Easily apply
View all Kaizen IT ServicesPvt Ltd. jobs - Chandigarh, Chandigarh jobs - Desktop Support Technician jobs in Chandigarh, Chandigarh
Salary Search: Fresher Desktop Engineer salaries in Chandigarh, Chandigarh",,https://in.indeed.com/jobs?q=it+fresher&l=Mohali%2C+Punjab&vjk=af0496bdec87cd3a#
"Web/IT Operations Associate (Fresh Graduates Welcome)
Urgently hiring
DigitoLogics
Mohali, Punjab
₹15,000 - ₹20,000 a month
Full-time +2
Paid time off
Paid sick time
Leave encashment
Easily apply
IT Support Trainee - Web Hosting
New
Hiring multiple candidates
GRABWEB MANAGED HOSTING
Panchkula, Haryana
₹10,000 - ₹15,000 a month
Full-time
Easily apply
Fresher- Non tech
Onboardworks
Mohali, Punjab
₹18,000.00 - ₹31,653.88 a month
Full-time
Easily apply
Network Engineer
ThinkNEXT Technologies Pvt. Ltd
Mohali, Punjab
₹12,000 - ₹25,000 a month
Full-time +2
Easily apply
Salary Search: Network Engineer salaries in Mohali, Punjab
See popular questions & answers about ThinkNEXT Technologies Pvt. Ltd
freshers Hiring - upto 25k
Network Kings IT Services Pvt. Ltd.
Zirakpur, Punjab
₹18,000 - ₹35,000 a month
Full-time +2
Health insurance
Cell phone reimbursement
Easily apply
Salary Search: freshers Hiring - upto 25k salaries in Zirakpur, Punjab
Telco help desk support
Pyramid Global Technologies
Mohali, Punjab
₹45,000 a month
Fresher +1
Night shift +1
View all Pyramid Global Technologies jobs - Mohali, Punjab jobs - Helpdesk Support jobs in Mohali, Punjab
Salary Search: Telco help desk support salaries in Mohali, Punjab
Associate Engineer - Technical Support
Vertex Infosoft
Punjab
Fresher
Salary Search: Associate Engineer - Technical Support salaries in Punjab
BDE/BDM/ IT Sales - 4LPA+INC
Network Kings IT Services Pvt. Ltd.
Zirakpur, Punjab
₹18,000 - ₹33,000 a month
Full-time +1
Health insurance
Cell phone reimbursement
Easily apply
Buisness Development Executive
Appcodie IT services
Mohali, Punjab
₹10,000.42 - ₹40,816.30 a month
Full-time +2
Health insurance
Paid time off
Paid sick time
Easily apply
IT Sales Representative
Henceforth Solutions
Mohali, Punjab
Fresher
Easily apply
Salary Search: IT Sales Representative salaries in Mohali, Punjab
See popular questions & answers about Henceforth Solutions
IT Sales Executive
Him Technology Private Limited
Mohali, Punjab
₹12,000 - ₹20,000 a month
Full-time +2
Easily apply
Salary Search: IT Sales Executive salaries in Mohali, Punjab
Sales Representative
NYXGEN IT
Mohali, Punjab
₹16,000 - ₹19,000 a month
Full-time +2
Night shift +1
Internet reimbursement
Easily apply
QA Engineer (Fresher)
Vertex Infosoft Solutions Pvt. Ltd
Mohali, Punjab
₹18,000 - ₹23,000 a month
Full-time +1
Food provided
Health insurance
Paid sick time
Easily apply
Technical Support Engineer (Fresher)
Vertex Infosoft Solutions Pvt. Ltd
Mohali, Punjab
₹18,000 - ₹23,000 a month
Full-time
Night shift +1
Health insurance
Paid time off
Paid sick time
Easily apply
Salary Search: Technical Support Engineer (Fresher) salaries in Mohali, Punjab
Fresher Desktop Engineer
Kaizen IT ServicesPvt Ltd.
Chandigarh, Chandigarh
₹18,000 - ₹20,000 a month
Full-time +2
Easily apply
View all Kaizen IT ServicesPvt Ltd. jobs - Chandigarh, Chandigarh jobs - Desktop Support Technician jobs in Chandigarh, Chandigarh
Salary Search: Fresher Desktop Engineer salaries in Chandigarh, Chandigarh",,https://in.indeed.com/jobs?q=it+fresher&nl=&l=Mohali%2C+Punjab&radius=25&start=10
"Web/IT Operations Associate (Fresh Graduates Welcome)
Urgently hiring
DigitoLogics
Mohali, Punjab
₹15,000 - ₹20,000 a month
Full-time +2
Paid time off
Paid sick time
Leave encashment
Easily apply",,https://in.indeed.com/jobs?q=it+fresher&nl=&l=Mohali%2C+Punjab&radius=25&start=10
"Web/IT Operations Associate (Fresh Graduates Welcome)
Urgently hiring
DigitoLogics
Mohali, Punjab
₹15,000 - ₹20,000 a month
Full-time +2
Paid time off
Paid sick time
Leave encashment
Easily apply",,https://in.indeed.com/legal?hl=en
"Web/IT Operations Associate (Fresh Graduates Welcome)
Urgently hiring
DigitoLogics
Mohali, Punjab
₹15,000 - ₹20,000 a month
Full-time +2
Paid time off
Paid sick time
Leave encashment
Easily apply",,"https://in.indeed.com/q-fresher-l-mohali,-punjab-jobs.html"
"Web/IT Operations Associate (Fresh Graduates Welcome)
Urgently hiring
DigitoLogics
Mohali, Punjab
₹15,000 - ₹20,000 a month
Full-time +2
Paid time off
Paid sick time
Leave encashment
Easily apply",,"https://in.indeed.com/q-fresher-software-company-l-mohali,-punjab-jobs.html"
"Web/IT Operations Associate (Fresh Graduates Welcome)
Urgently hiring
DigitoLogics
Mohali, Punjab
₹15,000 - ₹20,000 a month
Full-time +2
Paid time off
Paid sick time
Leave encashment
Easily apply",,"https://in.indeed.com/q-freshers-job-vacancy-l-mohali,-punjab-jobs.html"
"Web/IT Operations Associate (Fresh Graduates Welcome)
Urgently hiring
DigitoLogics
Mohali, Punjab
₹15,000 - ₹20,000 a month
Full-time +2
Paid time off
Paid sick time
Leave encashment
Easily apply",,"https://in.indeed.com/q-web-developer-fresher-l-mohali,-punjab-jobs.html"
"Web/IT Operations Associate (Fresh Graduates Welcome)
Urgently hiring
DigitoLogics
Mohali, Punjab
₹15,000 - ₹20,000 a month
Full-time +2
Paid time off
Paid sick time
Leave encashment
Easily apply",,"https://in.indeed.com/q-it-l-mohali,-punjab-jobs.html"
"Web/IT Operations Associate (Fresh Graduates Welcome)
Urgently hiring
DigitoLogics
Mohali, Punjab
₹15,000 - ₹20,000 a month
Full-time +2
Paid time off
Paid sick time
Leave encashment
Easily apply",,"https://in.indeed.com/q-software-developer-fresher-l-mohali,-punjab-jobs.html"
"Web/IT Operations Associate (Fresh Graduates Welcome)
Urgently hiring
DigitoLogics
Mohali, Punjab
₹15,000 - ₹20,000 a month
Full-time +2
Paid time off
Paid sick time
Leave encashment
Easily apply",,"https://in.indeed.com/q-fresher-it-l-mohali,-punjab-jobs.html"
"Web/IT Operations Associate (Fresh Graduates Welcome)
Urgently hiring
DigitoLogics
Mohali, Punjab
₹15,000 - ₹20,000 a month
Full-time +2
Paid time off
Paid sick time
Leave encashment
Easily apply",,"https://in.indeed.com/q-internship-l-mohali,-punjab-jobs.html"
"Web/IT Operations Associate (Fresh Graduates Welcome)
Urgently hiring
DigitoLogics
Mohali, Punjab
₹15,000 - ₹20,000 a month
Full-time +2
Paid time off
Paid sick time
Leave encashment
Easily apply",,"https://in.indeed.com/q-it-support-engineer-l-mohali,-punjab-jobs.html"
"Web/IT Operations Associate (Fresh Graduates Welcome)
Urgently hiring",,"https://in.indeed.com/q-office-assistant-l-mohali,-punjab-jobs.html"
Web/IT Operations Associate (Fresh Graduates Welcome),,https://in.indeed.com/cmp/Digitologics-1?campaignid=mobvjcmp&from=mobviewjob&tk=1jjqkp2slhbvg800&fromjk=af0496bdec87cd3a
Web/IT Operations Associate (Fresh Graduates Welcome),,https://in.indeed.com/career-advice
Web/IT Operations Associate (Fresh Graduates Welcome),,https://in.indeed.com/browsejobs
Urgently hiring,,https://in.indeed.com/companies/browse-companies
Urgently hiring,,https://in.indeed.com/career/salaries
Urgently hiring,,https://www.indeedevents.com/en-in/
Urgently hiring,,https://in.indeed.com/cmp/Indeed/about
"DigitoLogics
Mohali, Punjab
₹15,000 - ₹20,000 a month
Full-time +2
Paid time off
Paid sick time
Leave encashment
Easily apply",,https://in.indeed.com/worldwide
"DigitoLogics
Mohali, Punjab",,https://in.indeed.com/about
"DigitoLogics
Mohali, Punjab",,https://in.indeed.com/help
DigitoLogics,,https://in.indeed.com/esg?from=gnav-jobsearch--indeedmobile
DigitoLogics,,https://support.indeed.com/hc/en-in/articles/216354123-Guidelines-for-Safe-Job-Search
"Mohali, Punjab",,https://in.indeed.com/esg/accessibility?hl=en
"₹15,000 - ₹20,000 a month
Full-time +2
Paid time off
Paid sick time
Leave encashment",,https://hrtechprivacy.com/brands/indeed#privacypolicy
"₹15,000 - ₹20,000 a month
Full-time +2
Paid time off
Paid sick time
Leave encashment",,https://in.indeed.com/legal?hl=en
"₹15,000 - ₹20,000 a month",,https://in.indeed.com/promo/resume?from=bottomResumeCTAjobsearch&trk.origin=jobsearch
"₹15,000 - ₹20,000 a month",,
"₹15,000 - ₹20,000 a month",,
"₹15,000 - ₹20,000 a month",,
Full-time +2,,
Full-time +2,,
Full-time +2,,
Full-time +2,,
+2,,
Paid time off,,
Paid time off,,
Paid time off,,
Paid time off,,
Paid sick time,,
Paid sick time,,
Paid sick time,,
Paid sick time,,
Leave encashment,,
Leave encashment,,
Leave encashment,,
Leave encashment,,
Easily apply,,
Easily apply,,
Easily apply,,
Easily apply,,
"IT Support Trainee - Web Hosting
New
Hiring multiple candidates
GRABWEB MANAGED HOSTING
Panchkula, Haryana
₹10,000 - ₹15,000 a month
Full-time
Easily apply",,
"IT Support Trainee - Web Hosting
New
Hiring multiple candidates
GRABWEB MANAGED HOSTING
Panchkula, Haryana
₹10,000 - ₹15,000 a month
Full-time
Easily apply",,
"IT Support Trainee - Web Hosting
New
Hiring multiple candidates
GRABWEB MANAGED HOSTING
Panchkula, Haryana
₹10,000 - ₹15,000 a month
Full-time
Easily apply",,
"IT Support Trainee - Web Hosting
New
Hiring multiple candidates
GRABWEB MANAGED HOSTING
Panchkula, Haryana
₹10,000 - ₹15,000 a month
Full-time
Easily apply",,
"IT Support Trainee - Web Hosting
New
Hiring multiple candidates
GRABWEB MANAGED HOSTING
Panchkula, Haryana
₹10,000 - ₹15,000 a month
Full-time
Easily apply",,
"IT Support Trainee - Web Hosting
New
Hiring multiple candidates
GRABWEB MANAGED HOSTING
Panchkula, Haryana
₹10,000 - ₹15,000 a month
Full-time
Easily apply",,
"IT Support Trainee - Web Hosting
New
Hiring multiple candidates
GRABWEB MANAGED HOSTING
Panchkula, Haryana
₹10,000 - ₹15,000 a month
Full-time
Easily apply",,
"IT Support Trainee - Web Hosting
New
Hiring multiple candidates
GRABWEB MANAGED HOSTING
Panchkula, Haryana
₹10,000 - ₹15,000 a month
Full-time
Easily apply",,
"IT Support Trainee - Web Hosting
New
Hiring multiple candidates
GRABWEB MANAGED HOSTING
Panchkula, Haryana
₹10,000 - ₹15,000 a month
Full-time
Easily apply",,
"IT Support Trainee - Web Hosting
New
Hiring multiple candidates
GRABWEB MANAGED HOSTING
Panchkula, Haryana
₹10,000 - ₹15,000 a month
Full-time
Easily apply",,
"IT Support Trainee - Web Hosting
New
Hiring multiple candidates
GRABWEB MANAGED HOSTING
Panchkula, Haryana
₹10,000 - ₹15,000 a month
Full-time
Easily apply",,
"IT Support Trainee - Web Hosting
New
Hiring multiple candidates",,
IT Support Trainee - Web Hosting,,
IT Support Trainee - Web Hosting,,
IT Support Trainee - Web Hosting,,
"New
Hiring multiple candidates",,
New,,
New,,
New,,
Hiring multiple candidates,,
Hiring multiple candidates,,
Hiring multiple candidates,,
"GRABWEB MANAGED HOSTING
Panchkula, Haryana
₹10,000 - ₹15,000 a month
Full-time
Easily apply",,
"GRABWEB MANAGED HOSTING
Panchkula, Haryana",,
"GRABWEB MANAGED HOSTING
Panchkula, Haryana",,
GRABWEB MANAGED HOSTING,,
GRABWEB MANAGED HOSTING,,
"Panchkula, Haryana",,
"₹10,000 - ₹15,000 a month
Full-time",,
"₹10,000 - ₹15,000 a month
Full-time",,
"₹10,000 - ₹15,000 a month",,
"₹10,000 - ₹15,000 a month",,
"₹10,000 - ₹15,000 a month",,
"₹10,000 - ₹15,000 a month",,
Full-time,,
Full-time,,
Full-time,,
Full-time,,
Easily apply,,
Easily apply,,
Easily apply,,
Easily apply,,
"Fresher- Non tech
Onboardworks
Mohali, Punjab
₹18,000.00 - ₹31,653.88 a month
Full-time
Easily apply",,
"Fresher- Non tech
Onboardworks
Mohali, Punjab
₹18,000.00 - ₹31,653.88 a month
Full-time
Easily apply",,
"Fresher- Non tech
Onboardworks
Mohali, Punjab
₹18,000.00 - ₹31,653.88 a month
Full-time
Easily apply",,
"Fresher- Non tech
Onboardworks
Mohali, Punjab
₹18,000.00 - ₹31,653.88 a month
Full-time
Easily apply",,
"Fresher- Non tech
Onboardworks
Mohali, Punjab
₹18,000.00 - ₹31,653.88 a month
Full-time
Easily apply",,
"Fresher- Non tech
Onboardworks
Mohali, Punjab
₹18,000.00 - ₹31,653.88 a month
Full-time
Easily apply",,
"Fresher- Non tech
Onboardworks
Mohali, Punjab
₹18,000.00 - ₹31,653.88 a month
Full-time
Easily apply",,
"Fresher- Non tech
Onboardworks
Mohali, Punjab
₹18,000.00 - ₹31,653.88 a month
Full-time
Easily apply",,
"Fresher- Non tech
Onboardworks
Mohali, Punjab
₹18,000.00 - ₹31,653.88 a month
Full-time
Easily apply",,
"Fresher- Non tech
Onboardworks
Mohali, Punjab
₹18,000.00 - ₹31,653.88 a month
Full-time
Easily apply",,
"Fresher- Non tech
Onboardworks
Mohali, Punjab
₹18,000.00 - ₹31,653.88 a month
Full-time
Easily apply",,
Fresher- Non tech,,
Fresher- Non tech,,
Fresher- Non tech,,
Fresher- Non tech,,
"Onboardworks
Mohali, Punjab
₹18,000.00 - ₹31,653.88 a month
Full-time
Easily apply",,
"Onboardworks
Mohali, Punjab",,
"Onboardworks
Mohali, Punjab",,
Onboardworks,,
Onboardworks,,
"Mohali, Punjab",,
"₹18,000.00 - ₹31,653.88 a month
Full-time",,
"₹18,000.00 - ₹31,653.88 a month
Full-time",,
"₹18,000.00 - ₹31,653.88 a month",,
"₹18,000.00 - ₹31,653.88 a month",,
"₹18,000.00 - ₹31,653.88 a month",,
"₹18,000.00 - ₹31,653.88 a month",,
Full-time,,
Full-time,,
Full-time,,
Full-time,,
Easily apply,,
Easily apply,,
Easily apply,,
Easily apply,,
"Network Engineer
ThinkNEXT Technologies Pvt. Ltd
Mohali, Punjab
₹12,000 - ₹25,000 a month
Full-time +2
Easily apply
Salary Search: Network Engineer salaries in Mohali, Punjab
See popular questions & answers about ThinkNEXT Technologies Pvt. Ltd",,
"Network Engineer
ThinkNEXT Technologies Pvt. Ltd
Mohali, Punjab
₹12,000 - ₹25,000 a month
Full-time +2
Easily apply
Salary Search: Network Engineer salaries in Mohali, Punjab
See popular questions & answers about ThinkNEXT Technologies Pvt. Ltd",,
"Network Engineer
ThinkNEXT Technologies Pvt. Ltd
Mohali, Punjab
₹12,000 - ₹25,000 a month
Full-time +2
Easily apply
Salary Search: Network Engineer salaries in Mohali, Punjab
See popular questions & answers about ThinkNEXT Technologies Pvt. Ltd",,
"Network Engineer
ThinkNEXT Technologies Pvt. Ltd
Mohali, Punjab
₹12,000 - ₹25,000 a month
Full-time +2
Easily apply
Salary Search: Network Engineer salaries in Mohali, Punjab
See popular questions & answers about ThinkNEXT Technologies Pvt. Ltd",,
"Network Engineer
ThinkNEXT Technologies Pvt. Ltd
Mohali, Punjab
₹12,000 - ₹25,000 a month
Full-time +2
Easily apply",,
"Network Engineer
ThinkNEXT Technologies Pvt. Ltd
Mohali, Punjab
₹12,000 - ₹25,000 a month
Full-time +2
Easily apply",,
"Network Engineer
ThinkNEXT Technologies Pvt. Ltd
Mohali, Punjab
₹12,000 - ₹25,000 a month
Full-time +2
Easily apply",,
"Network Engineer
ThinkNEXT Technologies Pvt. Ltd
Mohali, Punjab
₹12,000 - ₹25,000 a month
Full-time +2
Easily apply",,
"Network Engineer
ThinkNEXT Technologies Pvt. Ltd
Mohali, Punjab
₹12,000 - ₹25,000 a month
Full-time +2
Easily apply",,
"Network Engineer
ThinkNEXT Technologies Pvt. Ltd
Mohali, Punjab
₹12,000 - ₹25,000 a month
Full-time +2
Easily apply",,
"Network Engineer
ThinkNEXT Technologies Pvt. Ltd
Mohali, Punjab
₹12,000 - ₹25,000 a month
Full-time +2
Easily apply",,
Network Engineer,,
Network Engineer,,
Network Engineer,,
Network Engineer,,
"ThinkNEXT Technologies Pvt. Ltd
Mohali, Punjab
₹12,000 - ₹25,000 a month
Full-time +2
Easily apply",,
"ThinkNEXT Technologies Pvt. Ltd
Mohali, Punjab",,
"ThinkNEXT Technologies Pvt. Ltd
Mohali, Punjab",,
ThinkNEXT Technologies Pvt. Ltd,,
ThinkNEXT Technologies Pvt. Ltd,,
"Mohali, Punjab",,
"₹12,000 - ₹25,000 a month
Full-time +2",,
"₹12,000 - ₹25,000 a month
Full-time +2",,
"₹12,000 - ₹25,000 a month",,
"₹12,000 - ₹25,000 a month",,
"₹12,000 - ₹25,000 a month",,
"₹12,000 - ₹25,000 a month",,
Full-time +2,,
Full-time +2,,
Full-time +2,,
Full-time +2,,
+2,,
Easily apply,,
Easily apply,,
Easily apply,,
Easily apply,,
"Salary Search: Network Engineer salaries in Mohali, Punjab
See popular questions & answers about ThinkNEXT Technologies Pvt. Ltd",,
"Salary Search: Network Engineer salaries in Mohali, Punjab
See popular questions & answers about ThinkNEXT Technologies Pvt. Ltd",,
"Salary Search: Network Engineer salaries in Mohali, Punjab
See popular questions & answers about ThinkNEXT Technologies Pvt. Ltd",,
"Salary Search: Network Engineer salaries in Mohali, Punjab
See popular questions & answers about ThinkNEXT Technologies Pvt. Ltd",,
"Salary Search: Network Engineer salaries in Mohali, Punjab
See popular questions & answers about ThinkNEXT Technologies Pvt. Ltd",,
"Salary Search: Network Engineer salaries in Mohali, Punjab",,
"Salary Search: Network Engineer salaries in Mohali, Punjab",,
"Network Engineer salaries in Mohali, Punjab",,
See popular questions & answers about ThinkNEXT Technologies Pvt. Ltd,,
See popular questions & answers about ThinkNEXT Technologies Pvt. Ltd,,
questions & answers about ThinkNEXT Technologies Pvt. Ltd,,
"freshers Hiring - upto 25k
Network Kings IT Services Pvt. Ltd.
Zirakpur, Punjab
₹18,000 - ₹35,000 a month
Full-time +2
Health insurance
Cell phone reimbursement
Easily apply
Salary Search: freshers Hiring - upto 25k salaries in Zirakpur, Punjab",,
"freshers Hiring - upto 25k
Network Kings IT Services Pvt. Ltd.
Zirakpur, Punjab
₹18,000 - ₹35,000 a month
Full-time +2
Health insurance
Cell phone reimbursement
Easily apply
Salary Search: freshers Hiring - upto 25k salaries in Zirakpur, Punjab",,
"freshers Hiring - upto 25k
Network Kings IT Services Pvt. Ltd.
Zirakpur, Punjab
₹18,000 - ₹35,000 a month
Full-time +2
Health insurance
Cell phone reimbursement
Easily apply
Salary Search: freshers Hiring - upto 25k salaries in Zirakpur, Punjab",,
"freshers Hiring - upto 25k
Network Kings IT Services Pvt. Ltd.
Zirakpur, Punjab
₹18,000 - ₹35,000 a month
Full-time +2
Health insurance
Cell phone reimbursement
Easily apply
Salary Search: freshers Hiring - upto 25k salaries in Zirakpur, Punjab",,
"freshers Hiring - upto 25k
Network Kings IT Services Pvt. Ltd.
Zirakpur, Punjab
₹18,000 - ₹35,000 a month
Full-time +2
Health insurance
Cell phone reimbursement
Easily apply",,
"freshers Hiring - upto 25k
Network Kings IT Services Pvt. Ltd.
Zirakpur, Punjab
₹18,000 - ₹35,000 a month
Full-time +2
Health insurance
Cell phone reimbursement
Easily apply",,
"freshers Hiring - upto 25k
Network Kings IT Services Pvt. Ltd.
Zirakpur, Punjab
₹18,000 - ₹35,000 a month
Full-time +2
Health insurance
Cell phone reimbursement
Easily apply",,
"freshers Hiring - upto 25k
Network Kings IT Services Pvt. Ltd.
Zirakpur, Punjab
₹18,000 - ₹35,000 a month
Full-time +2
Health insurance
Cell phone reimbursement
Easily apply",,
"freshers Hiring - upto 25k
Network Kings IT Services Pvt. Ltd.
Zirakpur, Punjab
₹18,000 - ₹35,000 a month
Full-time +2
Health insurance
Cell phone reimbursement
Easily apply",,
"freshers Hiring - upto 25k
Network Kings IT Services Pvt. Ltd.
Zirakpur, Punjab
₹18,000 - ₹35,000 a month
Full-time +2
Health insurance
Cell phone reimbursement
Easily apply",,
"freshers Hiring - upto 25k
Network Kings IT Services Pvt. Ltd.
Zirakpur, Punjab
₹18,000 - ₹35,000 a month
Full-time +2
Health insurance
Cell phone reimbursement
Easily apply",,
freshers Hiring - upto 25k,,
freshers Hiring - upto 25k,,
freshers Hiring - upto 25k,,
freshers Hiring - upto 25k,,
"Network Kings IT Services Pvt. Ltd.
Zirakpur, Punjab
₹18,000 - ₹35,000 a month
Full-time +2
Health insurance
Cell phone reimbursement
Easily apply",,
"Network Kings IT Services Pvt. Ltd.
Zirakpur, Punjab",,
"Network Kings IT Services Pvt. Ltd.
Zirakpur, Punjab",,
Network Kings IT Services Pvt. Ltd.,,
Network Kings IT Services Pvt. Ltd.,,
"Zirakpur, Punjab",,
"₹18,000 - ₹35,000 a month
Full-time +2
Health insurance
Cell phone reimbursement",,
"₹18,000 - ₹35,000 a month
Full-time +2
Health insurance
Cell phone reimbursement",,
"₹18,000 - ₹35,000 a month",,
"₹18,000 - ₹35,000 a month",,
"₹18,000 - ₹35,000 a month",,
"₹18,000 - ₹35,000 a month",,
Full-time +2,,
Full-time +2,,
Full-time +2,,
Full-time +2,,
+2,,
Health insurance,,
Health insurance,,
Health insurance,,
Health insurance,,
Cell phone reimbursement,,
Cell phone reimbursement,,
Cell phone reimbursement,,
Cell phone reimbursement,,
Easily apply,,
Easily apply,,
Easily apply,,
Easily apply,,
"Salary Search: freshers Hiring - upto 25k salaries in Zirakpur, Punjab",,
"Salary Search: freshers Hiring - upto 25k salaries in Zirakpur, Punjab",,
"Salary Search: freshers Hiring - upto 25k salaries in Zirakpur, Punjab",,
"Salary Search: freshers Hiring - upto 25k salaries in Zirakpur, Punjab",,
"Salary Search: freshers Hiring - upto 25k salaries in Zirakpur, Punjab",,
"Salary Search: freshers Hiring - upto 25k salaries in Zirakpur, Punjab",,
"Salary Search: freshers Hiring - upto 25k salaries in Zirakpur, Punjab",,
"freshers Hiring - upto 25k salaries in Zirakpur, Punjab",,
"Telco help desk support
Pyramid Global Technologies
Mohali, Punjab
₹45,000 a month
Fresher +1
Night shift +1
View all Pyramid Global Technologies jobs - Mohali, Punjab jobs - Helpdesk Support jobs in Mohali, Punjab
Salary Search: Telco help desk support salaries in Mohali, Punjab",,
"Telco help desk support
Pyramid Global Technologies
Mohali, Punjab
₹45,000 a month
Fresher +1
Night shift +1
View all Pyramid Global Technologies jobs - Mohali, Punjab jobs - Helpdesk Support jobs in Mohali, Punjab
Salary Search: Telco help desk support salaries in Mohali, Punjab",,
"Telco help desk support
Pyramid Global Technologies
Mohali, Punjab
₹45,000 a month
Fresher +1
Night shift +1
View all Pyramid Global Technologies jobs - Mohali, Punjab jobs - Helpdesk Support jobs in Mohali, Punjab
Salary Search: Telco help desk support salaries in Mohali, Punjab",,
"Telco help desk support
Pyramid Global Technologies
Mohali, Punjab
₹45,000 a month
Fresher +1
Night shift +1
View all Pyramid Global Technologies jobs - Mohali, Punjab jobs - Helpdesk Support jobs in Mohali, Punjab
Salary Search: Telco help desk support salaries in Mohali, Punjab",,
"Telco help desk support
Pyramid Global Technologies
Mohali, Punjab
₹45,000 a month
Fresher +1
Night shift +1",,
"Telco help desk support
Pyramid Global Technologies
Mohali, Punjab
₹45,000 a month
Fresher +1
Night shift +1",,
"Telco help desk support
Pyramid Global Technologies
Mohali, Punjab
₹45,000 a month
Fresher +1
Night shift +1",,
"Telco help desk support
Pyramid Global Technologies
Mohali, Punjab
₹45,000 a month
Fresher +1
Night shift +1",,
"Telco help desk support
Pyramid Global Technologies
Mohali, Punjab
₹45,000 a month
Fresher +1
Night shift +1",,
"Telco help desk support
Pyramid Global Technologies
Mohali, Punjab
₹45,000 a month
Fresher +1
Night shift +1",,
"Telco help desk support
Pyramid Global Technologies
Mohali, Punjab
₹45,000 a month
Fresher +1
Night shift +1",,
Telco help desk support,,
Telco help desk support,,
Telco help desk support,,
Telco help desk support,,
"Pyramid Global Technologies
Mohali, Punjab
₹45,000 a month
Fresher +1
Night shift +1",,
"Pyramid Global Technologies
Mohali, Punjab",,
"Pyramid Global Technologies
Mohali, Punjab",,
Pyramid Global Technologies,,
Pyramid Global Technologies,,
"Mohali, Punjab",,
"₹45,000 a month
Fresher +1
Night shift +1",,
"₹45,000 a month
Fresher +1
Night shift +1",,
"₹45,000 a month",,
"₹45,000 a month",,
"₹45,000 a month",,
"₹45,000 a month",,
Fresher +1,,
Fresher +1,,
Fresher +1,,
Fresher +1,,
+1,,
Night shift +1,,
Night shift +1,,
Night shift +1,,
Night shift +1,,
+1,,
"View all Pyramid Global Technologies jobs - Mohali, Punjab jobs - Helpdesk Support jobs in Mohali, Punjab
Salary Search: Telco help desk support salaries in Mohali, Punjab",,
"View all Pyramid Global Technologies jobs - Mohali, Punjab jobs - Helpdesk Support jobs in Mohali, Punjab
Salary Search: Telco help desk support salaries in Mohali, Punjab",,
"View all Pyramid Global Technologies jobs - Mohali, Punjab jobs - Helpdesk Support jobs in Mohali, Punjab
Salary Search: Telco help desk support salaries in Mohali, Punjab",,
"View all Pyramid Global Technologies jobs - Mohali, Punjab jobs - Helpdesk Support jobs in Mohali, Punjab
Salary Search: Telco help desk support salaries in Mohali, Punjab",,
"View all Pyramid Global Technologies jobs - Mohali, Punjab jobs - Helpdesk Support jobs in Mohali, Punjab
Salary Search: Telco help desk support salaries in Mohali, Punjab",,
"View all Pyramid Global Technologies jobs - Mohali, Punjab jobs - Helpdesk Support jobs in Mohali, Punjab",,
"View all Pyramid Global Technologies jobs - Mohali, Punjab jobs - Helpdesk Support jobs in Mohali, Punjab",,
Pyramid Global Technologies jobs,,
"Mohali, Punjab jobs",,
"Helpdesk Support jobs in Mohali, Punjab",,
"Salary Search: Telco help desk support salaries in Mohali, Punjab",,
"Salary Search: Telco help desk support salaries in Mohali, Punjab",,
"Telco help desk support salaries in Mohali, Punjab",,
"Associate Engineer - Technical Support
Vertex Infosoft
Punjab
Fresher
Salary Search: Associate Engineer - Technical Support salaries in Punjab",,
"Associate Engineer - Technical Support
Vertex Infosoft
Punjab
Fresher
Salary Search: Associate Engineer - Technical Support salaries in Punjab",,
"Associate Engineer - Technical Support
Vertex Infosoft
Punjab
Fresher
Salary Search: Associate Engineer - Technical Support salaries in Punjab",,
"Associate Engineer - Technical Support
Vertex Infosoft
Punjab
Fresher
Salary Search: Associate Engineer - Technical Support salaries in Punjab",,
"Associate Engineer - Technical Support
Vertex Infosoft
Punjab
Fresher",,
"Associate Engineer - Technical Support
Vertex Infosoft
Punjab
Fresher",,
"Associate Engineer - Technical Support
Vertex Infosoft
Punjab
Fresher",,
"Associate Engineer - Technical Support
Vertex Infosoft
Punjab
Fresher",,
"Associate Engineer - Technical Support
Vertex Infosoft
Punjab
Fresher",,
"Associate Engineer - Technical Support
Vertex Infosoft
Punjab
Fresher",,
"Associate Engineer - Technical Support
Vertex Infosoft
Punjab
Fresher",,
Associate Engineer - Technical Support,,
Associate Engineer - Technical Support,,
Associate Engineer - Technical Support,,
Associate Engineer - Technical Support,,
"Vertex Infosoft
Punjab
Fresher",,
"Vertex Infosoft
Punjab",,
"Vertex Infosoft
Punjab",,
Vertex Infosoft,,
Vertex Infosoft,,
Punjab,,
Fresher,,
Fresher,,
Fresher,,
Fresher,,
Fresher,,
Fresher,,
Salary Search: Associate Engineer - Technical Support salaries in Punjab,,
Salary Search: Associate Engineer - Technical Support salaries in Punjab,,
Salary Search: Associate Engineer - Technical Support salaries in Punjab,,
Salary Search: Associate Engineer - Technical Support salaries in Punjab,,
Salary Search: Associate Engineer - Technical Support salaries in Punjab,,
Salary Search: Associate Engineer - Technical Support salaries in Punjab,,
Salary Search: Associate Engineer - Technical Support salaries in Punjab,,
Associate Engineer - Technical Support salaries in Punjab,,
"BDE/BDM/ IT Sales - 4LPA+INC
Network Kings IT Services Pvt. Ltd.
Zirakpur, Punjab
₹18,000 - ₹33,000 a month
Full-time +1
Health insurance
Cell phone reimbursement
Easily apply",,
"BDE/BDM/ IT Sales - 4LPA+INC
Network Kings IT Services Pvt. Ltd.
Zirakpur, Punjab
₹18,000 - ₹33,000 a month
Full-time +1
Health insurance
Cell phone reimbursement
Easily apply",,
"BDE/BDM/ IT Sales - 4LPA+INC
Network Kings IT Services Pvt. Ltd.
Zirakpur, Punjab
₹18,000 - ₹33,000 a month
Full-time +1
Health insurance
Cell phone reimbursement
Easily apply",,
"BDE/BDM/ IT Sales - 4LPA+INC
Network Kings IT Services Pvt. Ltd.
Zirakpur, Punjab
₹18,000 - ₹33,000 a month
Full-time +1
Health insurance
Cell phone reimbursement
Easily apply",,
"BDE/BDM/ IT Sales - 4LPA+INC
Network Kings IT Services Pvt. Ltd.
Zirakpur, Punjab
₹18,000 - ₹33,000 a month
Full-time +1
Health insurance
Cell phone reimbursement
Easily apply",,
"BDE/BDM/ IT Sales - 4LPA+INC
Network Kings IT Services Pvt. Ltd.
Zirakpur, Punjab
₹18,000 - ₹33,000 a month
Full-time +1
Health insurance
Cell phone reimbursement
Easily apply",,
"BDE/BDM/ IT Sales - 4LPA+INC
Network Kings IT Services Pvt. Ltd.
Zirakpur, Punjab
₹18,000 - ₹33,000 a month
Full-time +1
Health insurance
Cell phone reimbursement
Easily apply",,
"BDE/BDM/ IT Sales - 4LPA+INC
Network Kings IT Services Pvt. Ltd.
Zirakpur, Punjab
₹18,000 - ₹33,000 a month
Full-time +1
Health insurance
Cell phone reimbursement
Easily apply",,
"BDE/BDM/ IT Sales - 4LPA+INC
Network Kings IT Services Pvt. Ltd.
Zirakpur, Punjab
₹18,000 - ₹33,000 a month
Full-time +1
Health insurance
Cell phone reimbursement
Easily apply",,
"BDE/BDM/ IT Sales - 4LPA+INC
Network Kings IT Services Pvt. Ltd.
Zirakpur, Punjab
₹18,000 - ₹33,000 a month
Full-time +1
Health insurance
Cell phone reimbursement
Easily apply",,
"BDE/BDM/ IT Sales - 4LPA+INC
Network Kings IT Services Pvt. Ltd.
Zirakpur, Punjab
₹18,000 - ₹33,000 a month
Full-time +1
Health insurance
Cell phone reimbursement
Easily apply",,
BDE/BDM/ IT Sales - 4LPA+INC,,
BDE/BDM/ IT Sales - 4LPA+INC,,
BDE/BDM/ IT Sales - 4LPA+INC,,
BDE/BDM/ IT Sales - 4LPA+INC,,
"Network Kings IT Services Pvt. Ltd.
Zirakpur, Punjab
₹18,000 - ₹33,000 a month
Full-time +1
Health insurance
Cell phone reimbursement
Easily apply",,
"Network Kings IT Services Pvt. Ltd.
Zirakpur, Punjab",,
"Network Kings IT Services Pvt. Ltd.
Zirakpur, Punjab",,
Network Kings IT Services Pvt. Ltd.,,
Network Kings IT Services Pvt. Ltd.,,
"Zirakpur, Punjab",,
"₹18,000 - ₹33,000 a month
Full-time +1
Health insurance
Cell phone reimbursement",,
"₹18,000 - ₹33,000 a month
Full-time +1
Health insurance
Cell phone reimbursement",,
"₹18,000 - ₹33,000 a month",,
"₹18,000 - ₹33,000 a month",,
"₹18,000 - ₹33,000 a month",,
"₹18,000 - ₹33,000 a month",,
Full-time +1,,
Full-time +1,,
Full-time +1,,
Full-time +1,,
+1,,
Health insurance,,
Health insurance,,
Health insurance,,
Health insurance,,
Cell phone reimbursement,,
Cell phone reimbursement,,
Cell phone reimbursement,,
Cell phone reimbursement,,
Easily apply,,
Easily apply,,
Easily apply,,
Easily apply,,
"Buisness Development Executive
Appcodie IT services
Mohali, Punjab
₹10,000.42 - ₹40,816.30 a month
Full-time +2
Health insurance
Paid time off
Paid sick time
Easily apply",,
"Buisness Development Executive
Appcodie IT services
Mohali, Punjab
₹10,000.42 - ₹40,816.30 a month
Full-time +2
Health insurance
Paid time off
Paid sick time
Easily apply",,
"Buisness Development Executive
Appcodie IT services
Mohali, Punjab
₹10,000.42 - ₹40,816.30 a month
Full-time +2
Health insurance
Paid time off
Paid sick time
Easily apply",,
"Buisness Development Executive
Appcodie IT services
Mohali, Punjab
₹10,000.42 - ₹40,816.30 a month
Full-time +2
Health insurance
Paid time off
Paid sick time
Easily apply",,
"Buisness Development Executive
Appcodie IT services
Mohali, Punjab
₹10,000.42 - ₹40,816.30 a month
Full-time +2
Health insurance
Paid time off
Paid sick time
Easily apply",,
"Buisness Development Executive
Appcodie IT services
Mohali, Punjab
₹10,000.42 - ₹40,816.30 a month
Full-time +2
Health insurance
Paid time off
Paid sick time
Easily apply",,
"Buisness Development Executive
Appcodie IT services
Mohali, Punjab
₹10,000.42 - ₹40,816.30 a month
Full-time +2
Health insurance
Paid time off
Paid sick time
Easily apply",,
"Buisness Development Executive
Appcodie IT services
Mohali, Punjab
₹10,000.42 - ₹40,816.30 a month
Full-time +2
Health insurance
Paid time off
Paid sick time
Easily apply",,
"Buisness Development Executive
Appcodie IT services
Mohali, Punjab
₹10,000.42 - ₹40,816.30 a month
Full-time +2
Health insurance
Paid time off
Paid sick time
Easily apply",,
"Buisness Development Executive
Appcodie IT services
Mohali, Punjab
₹10,000.42 - ₹40,816.30 a month
Full-time +2
Health insurance
Paid time off
Paid sick time
Easily apply",,
"Buisness Development Executive
Appcodie IT services
Mohali, Punjab
₹10,000.42 - ₹40,816.30 a month
Full-time +2
Health insurance
Paid time off
Paid sick time
Easily apply",,
Buisness Development Executive,,
Buisness Development Executive,,
Buisness Development Executive,,
Buisness Development Executive,,
"Appcodie IT services
Mohali, Punjab
₹10,000.42 - ₹40,816.30 a month
Full-time +2
Health insurance
Paid time off
Paid sick time
Easily apply",,
"Appcodie IT services
Mohali, Punjab",,
"Appcodie IT services
Mohali, Punjab",,
Appcodie IT services,,
Appcodie IT services,,
"Mohali, Punjab",,
"₹10,000.42 - ₹40,816.30 a month
Full-time +2
Health insurance
Paid time off
Paid sick time",,
"₹10,000.42 - ₹40,816.30 a month
Full-time +2
Health insurance
Paid time off
Paid sick time",,
"₹10,000.42 - ₹40,816.30 a month",,
"₹10,000.42 - ₹40,816.30 a month",,
"₹10,000.42 - ₹40,816.30 a month",,
"₹10,000.42 - ₹40,816.30 a month",,
Full-time +2,,
Full-time +2,,
Full-time +2,,
Full-time +2,,
+2,,
Health insurance,,
Health insurance,,
Health insurance,,
Health insurance,,
Paid time off,,
Paid time off,,
Paid time off,,
Paid time off,,
Paid sick time,,
Paid sick time,,
Paid sick time,,
Paid sick time,,
Easily apply,,
Easily apply,,
Easily apply,,
Easily apply,,
"IT Sales Representative
Henceforth Solutions
Mohali, Punjab
Fresher
Easily apply
Salary Search: IT Sales Representative salaries in Mohali, Punjab
See popular questions & answers about Henceforth Solutions",,
"IT Sales Representative
Henceforth Solutions
Mohali, Punjab
Fresher
Easily apply
Salary Search: IT Sales Representative salaries in Mohali, Punjab
See popular questions & answers about Henceforth Solutions",,
"IT Sales Representative
Henceforth Solutions
Mohali, Punjab
Fresher
Easily apply
Salary Search: IT Sales Representative salaries in Mohali, Punjab
See popular questions & answers about Henceforth Solutions",,
"IT Sales Representative
Henceforth Solutions
Mohali, Punjab
Fresher
Easily apply
Salary Search: IT Sales Representative salaries in Mohali, Punjab
See popular questions & answers about Henceforth Solutions",,
"IT Sales Representative
Henceforth Solutions
Mohali, Punjab
Fresher
Easily apply",,
"IT Sales Representative
Henceforth Solutions
Mohali, Punjab
Fresher
Easily apply",,
"IT Sales Representative
Henceforth Solutions
Mohali, Punjab
Fresher
Easily apply",,
"IT Sales Representative
Henceforth Solutions
Mohali, Punjab
Fresher
Easily apply",,
"IT Sales Representative
Henceforth Solutions
Mohali, Punjab
Fresher
Easily apply",,
"IT Sales Representative
Henceforth Solutions
Mohali, Punjab
Fresher
Easily apply",,
"IT Sales Representative
Henceforth Solutions
Mohali, Punjab
Fresher
Easily apply",,
IT Sales Representative,,
IT Sales Representative,,
IT Sales Representative,,
IT Sales Representative,,
"Henceforth Solutions
Mohali, Punjab
Fresher
Easily apply",,
"Henceforth Solutions
Mohali, Punjab",,
"Henceforth Solutions
Mohali, Punjab",,
Henceforth Solutions,,
Henceforth Solutions,,
"Mohali, Punjab",,
Fresher,,
Fresher,,
Fresher,,
Fresher,,
Fresher,,
Fresher,,
Easily apply,,
Easily apply,,
Easily apply,,
Easily apply,,
"Salary Search: IT Sales Representative salaries in Mohali, Punjab
See popular questions & answers about Henceforth Solutions",,
"Salary Search: IT Sales Representative salaries in Mohali, Punjab
See popular questions & answers about Henceforth Solutions",,
"Salary Search: IT Sales Representative salaries in Mohali, Punjab
See popular questions & answers about Henceforth Solutions",,
"Salary Search: IT Sales Representative salaries in Mohali, Punjab
See popular questions & answers about Henceforth Solutions",,
"Salary Search: IT Sales Representative salaries in Mohali, Punjab
See popular questions & answers about Henceforth Solutions",,
"Salary Search: IT Sales Representative salaries in Mohali, Punjab",,
"Salary Search: IT Sales Representative salaries in Mohali, Punjab",,
"IT Sales Representative salaries in Mohali, Punjab",,
See popular questions & answers about Henceforth Solutions,,
See popular questions & answers about Henceforth Solutions,,
questions & answers about Henceforth Solutions,,
"IT Sales Executive
Him Technology Private Limited
Mohali, Punjab
₹12,000 - ₹20,000 a month
Full-time +2
Easily apply
Salary Search: IT Sales Executive salaries in Mohali, Punjab",,
"IT Sales Executive
Him Technology Private Limited
Mohali, Punjab
₹12,000 - ₹20,000 a month
Full-time +2
Easily apply
Salary Search: IT Sales Executive salaries in Mohali, Punjab",,
"IT Sales Executive
Him Technology Private Limited
Mohali, Punjab
₹12,000 - ₹20,000 a month
Full-time +2
Easily apply
Salary Search: IT Sales Executive salaries in Mohali, Punjab",,
"IT Sales Executive
Him Technology Private Limited
Mohali, Punjab
₹12,000 - ₹20,000 a month
Full-time +2
Easily apply
Salary Search: IT Sales Executive salaries in Mohali, Punjab",,
"IT Sales Executive
Him Technology Private Limited
Mohali, Punjab
₹12,000 - ₹20,000 a month
Full-time +2
Easily apply",,
"IT Sales Executive
Him Technology Private Limited
Mohali, Punjab
₹12,000 - ₹20,000 a month
Full-time +2
Easily apply",,
"IT Sales Executive
Him Technology Private Limited
Mohali, Punjab
₹12,000 - ₹20,000 a month
Full-time +2
Easily apply",,
"IT Sales Executive
Him Technology Private Limited
Mohali, Punjab
₹12,000 - ₹20,000 a month
Full-time +2
Easily apply",,
"IT Sales Executive
Him Technology Private Limited
Mohali, Punjab
₹12,000 - ₹20,000 a month
Full-time +2
Easily apply",,
"IT Sales Executive
Him Technology Private Limited
Mohali, Punjab
₹12,000 - ₹20,000 a month
Full-time +2
Easily apply",,
"IT Sales Executive
Him Technology Private Limited
Mohali, Punjab
₹12,000 - ₹20,000 a month
Full-time +2
Easily apply",,
IT Sales Executive,,
IT Sales Executive,,
IT Sales Executive,,
IT Sales Executive,,
"Him Technology Private Limited
Mohali, Punjab
₹12,000 - ₹20,000 a month
Full-time +2
Easily apply",,
"Him Technology Private Limited
Mohali, Punjab",,
"Him Technology Private Limited
Mohali, Punjab",,
Him Technology Private Limited,,
Him Technology Private Limited,,
"Mohali, Punjab",,
"₹12,000 - ₹20,000 a month
Full-time +2",,
"₹12,000 - ₹20,000 a month
Full-time +2",,
"₹12,000 - ₹20,000 a month",,
"₹12,000 - ₹20,000 a month",,
"₹12,000 - ₹20,000 a month",,
"₹12,000 - ₹20,000 a month",,
Full-time +2,,
Full-time +2,,
Full-time +2,,
Full-time +2,,
+2,,
Easily apply,,
Easily apply,,
Easily apply,,
Easily apply,,
"Salary Search: IT Sales Executive salaries in Mohali, Punjab",,
"Salary Search: IT Sales Executive salaries in Mohali, Punjab",,
"Salary Search: IT Sales Executive salaries in Mohali, Punjab",,
"Salary Search: IT Sales Executive salaries in Mohali, Punjab",,
"Salary Search: IT Sales Executive salaries in Mohali, Punjab",,
"Salary Search: IT Sales Executive salaries in Mohali, Punjab",,
"Salary Search: IT Sales Executive salaries in Mohali, Punjab",,
"IT Sales Executive salaries in Mohali, Punjab",,
"Sales Representative
NYXGEN IT
Mohali, Punjab
₹16,000 - ₹19,000 a month
Full-time +2
Night shift +1
Internet reimbursement
Easily apply",,
"Sales Representative
NYXGEN IT
Mohali, Punjab
₹16,000 - ₹19,000 a month
Full-time +2
Night shift +1
Internet reimbursement
Easily apply",,
"Sales Representative
NYXGEN IT
Mohali, Punjab
₹16,000 - ₹19,000 a month
Full-time +2
Night shift +1
Internet reimbursement
Easily apply",,
"Sales Representative
NYXGEN IT
Mohali, Punjab
₹16,000 - ₹19,000 a month
Full-time +2
Night shift +1
Internet reimbursement
Easily apply",,
"Sales Representative
NYXGEN IT
Mohali, Punjab
₹16,000 - ₹19,000 a month
Full-time +2
Night shift +1
Internet reimbursement
Easily apply",,
"Sales Representative
NYXGEN IT
Mohali, Punjab
₹16,000 - ₹19,000 a month
Full-time +2
Night shift +1
Internet reimbursement
Easily apply",,
"Sales Representative
NYXGEN IT
Mohali, Punjab
₹16,000 - ₹19,000 a month
Full-time +2
Night shift +1
Internet reimbursement
Easily apply",,
"Sales Representative
NYXGEN IT
Mohali, Punjab
₹16,000 - ₹19,000 a month
Full-time +2
Night shift +1
Internet reimbursement
Easily apply",,
"Sales Representative
NYXGEN IT
Mohali, Punjab
₹16,000 - ₹19,000 a month
Full-time +2
Night shift +1
Internet reimbursement
Easily apply",,
"Sales Representative
NYXGEN IT
Mohali, Punjab
₹16,000 - ₹19,000 a month
Full-time +2
Night shift +1
Internet reimbursement
Easily apply",,
"Sales Representative
NYXGEN IT
Mohali, Punjab
₹16,000 - ₹19,000 a month
Full-time +2
Night shift +1
Internet reimbursement
Easily apply",,
Sales Representative,,
Sales Representative,,
Sales Representative,,
Sales Representative,,
"NYXGEN IT
Mohali, Punjab
₹16,000 - ₹19,000 a month
Full-time +2
Night shift +1
Internet reimbursement
Easily apply",,
"NYXGEN IT
Mohali, Punjab",,
"NYXGEN IT
Mohali, Punjab",,
NYXGEN IT,,
NYXGEN IT,,
"Mohali, Punjab",,
"₹16,000 - ₹19,000 a month
Full-time +2
Night shift +1
Internet reimbursement",,
"₹16,000 - ₹19,000 a month
Full-time +2
Night shift +1
Internet reimbursement",,
"₹16,000 - ₹19,000 a month",,
"₹16,000 - ₹19,000 a month",,
"₹16,000 - ₹19,000 a month",,
"₹16,000 - ₹19,000 a month",,
Full-time +2,,
Full-time +2,,
Full-time +2,,
Full-time +2,,
+2,,
Night shift +1,,
Night shift +1,,
Night shift +1,,
Night shift +1,,
+1,,
Internet reimbursement,,
Internet reimbursement,,
Internet reimbursement,,
Internet reimbursement,,
Easily apply,,
Easily apply,,
Easily apply,,
Easily apply,,
"QA Engineer (Fresher)
Vertex Infosoft Solutions Pvt. Ltd
Mohali, Punjab
₹18,000 - ₹23,000 a month
Full-time +1
Food provided
Health insurance
Paid sick time
Easily apply",,
"QA Engineer (Fresher)
Vertex Infosoft Solutions Pvt. Ltd
Mohali, Punjab
₹18,000 - ₹23,000 a month
Full-time +1
Food provided
Health insurance
Paid sick time
Easily apply",,
"QA Engineer (Fresher)
Vertex Infosoft Solutions Pvt. Ltd
Mohali, Punjab
₹18,000 - ₹23,000 a month
Full-time +1
Food provided
Health insurance
Paid sick time
Easily apply",,
"QA Engineer (Fresher)
Vertex Infosoft Solutions Pvt. Ltd
Mohali, Punjab
₹18,000 - ₹23,000 a month
Full-time +1
Food provided
Health insurance
Paid sick time
Easily apply",,
"QA Engineer (Fresher)
Vertex Infosoft Solutions Pvt. Ltd
Mohali, Punjab
₹18,000 - ₹23,000 a month
Full-time +1
Food provided
Health insurance
Paid sick time
Easily apply",,
"QA Engineer (Fresher)
Vertex Infosoft Solutions Pvt. Ltd
Mohali, Punjab
₹18,000 - ₹23,000 a month
Full-time +1
Food provided
Health insurance
Paid sick time
Easily apply",,
"QA Engineer (Fresher)
Vertex Infosoft Solutions Pvt. Ltd
Mohali, Punjab
₹18,000 - ₹23,000 a month
Full-time +1
Food provided
Health insurance
Paid sick time
Easily apply",,
"QA Engineer (Fresher)
Vertex Infosoft Solutions Pvt. Ltd
Mohali, Punjab
₹18,000 - ₹23,000 a month
Full-time +1
Food provided
Health insurance
Paid sick time
Easily apply",,
"QA Engineer (Fresher)
Vertex Infosoft Solutions Pvt. Ltd
Mohali, Punjab
₹18,000 - ₹23,000 a month
Full-time +1
Food provided
Health insurance
Paid sick time
Easily apply",,
"QA Engineer (Fresher)
Vertex Infosoft Solutions Pvt. Ltd
Mohali, Punjab
₹18,000 - ₹23,000 a month
Full-time +1
Food provided
Health insurance
Paid sick time
Easily apply",,
"QA Engineer (Fresher)
Vertex Infosoft Solutions Pvt. Ltd
Mohali, Punjab
₹18,000 - ₹23,000 a month
Full-time +1
Food provided
Health insurance
Paid sick time
Easily apply",,
QA Engineer (Fresher),,
QA Engineer (Fresher),,
QA Engineer (Fresher),,
QA Engineer (Fresher),,
"Vertex Infosoft Solutions Pvt. Ltd
Mohali, Punjab
₹18,000 - ₹23,000 a month
Full-time +1
Food provided
Health insurance
Paid sick time
Easily apply",,
"Vertex Infosoft Solutions Pvt. Ltd
Mohali, Punjab",,
"Vertex Infosoft Solutions Pvt. Ltd
Mohali, Punjab",,
Vertex Infosoft Solutions Pvt. Ltd,,
Vertex Infosoft Solutions Pvt. Ltd,,
"Mohali, Punjab",,
"₹18,000 - ₹23,000 a month
Full-time +1
Food provided
Health insurance
Paid sick time",,
"₹18,000 - ₹23,000 a month
Full-time +1
Food provided
Health insurance
Paid sick time",,
"₹18,000 - ₹23,000 a month",,
"₹18,000 - ₹23,000 a month",,
"₹18,000 - ₹23,000 a month",,
"₹18,000 - ₹23,000 a month",,
Full-time +1,,
Full-time +1,,
Full-time +1,,
Full-time +1,,
+1,,
Food provided,,
Food provided,,
Food provided,,
Food provided,,
Health insurance,,
Health insurance,,
Health insurance,,
Health insurance,,
Paid sick time,,
Paid sick time,,
Paid sick time,,
Paid sick time,,
Easily apply,,
Easily apply,,
Easily apply,,
Easily apply,,
"Technical Support Engineer (Fresher)
Vertex Infosoft Solutions Pvt. Ltd
Mohali, Punjab
₹18,000 - ₹23,000 a month
Full-time
Night shift +1
Health insurance
Paid time off
Paid sick time
Easily apply
Salary Search: Technical Support Engineer (Fresher) salaries in Mohali, Punjab",,
"Technical Support Engineer (Fresher)
Vertex Infosoft Solutions Pvt. Ltd
Mohali, Punjab
₹18,000 - ₹23,000 a month
Full-time
Night shift +1
Health insurance
Paid time off
Paid sick time
Easily apply
Salary Search: Technical Support Engineer (Fresher) salaries in Mohali, Punjab",,
"Technical Support Engineer (Fresher)
Vertex Infosoft Solutions Pvt. Ltd
Mohali, Punjab
₹18,000 - ₹23,000 a month
Full-time
Night shift +1
Health insurance
Paid time off
Paid sick time
Easily apply
Salary Search: Technical Support Engineer (Fresher) salaries in Mohali, Punjab",,
"Technical Support Engineer (Fresher)
Vertex Infosoft Solutions Pvt. Ltd
Mohali, Punjab
₹18,000 - ₹23,000 a month
Full-time
Night shift +1
Health insurance
Paid time off
Paid sick time
Easily apply
Salary Search: Technical Support Engineer (Fresher) salaries in Mohali, Punjab",,
"Technical Support Engineer (Fresher)
Vertex Infosoft Solutions Pvt. Ltd
Mohali, Punjab
₹18,000 - ₹23,000 a month
Full-time
Night shift +1
Health insurance
Paid time off
Paid sick time
Easily apply",,
"Technical Support Engineer (Fresher)
Vertex Infosoft Solutions Pvt. Ltd
Mohali, Punjab
₹18,000 - ₹23,000 a month
Full-time
Night shift +1
Health insurance
Paid time off
Paid sick time
Easily apply",,
"Technical Support Engineer (Fresher)
Vertex Infosoft Solutions Pvt. Ltd
Mohali, Punjab
₹18,000 - ₹23,000 a month
Full-time
Night shift +1
Health insurance
Paid time off
Paid sick time
Easily apply",,
"Technical Support Engineer (Fresher)
Vertex Infosoft Solutions Pvt. Ltd
Mohali, Punjab
₹18,000 - ₹23,000 a month
Full-time
Night shift +1
Health insurance
Paid time off
Paid sick time
Easily apply",,
"Technical Support Engineer (Fresher)
Vertex Infosoft Solutions Pvt. Ltd
Mohali, Punjab
₹18,000 - ₹23,000 a month
Full-time
Night shift +1
Health insurance
Paid time off
Paid sick time
Easily apply",,
"Technical Support Engineer (Fresher)
Vertex Infosoft Solutions Pvt. Ltd
Mohali, Punjab
₹18,000 - ₹23,000 a month
Full-time
Night shift +1
Health insurance
Paid time off
Paid sick time
Easily apply",,
"Technical Support Engineer (Fresher)
Vertex Infosoft Solutions Pvt. Ltd
Mohali, Punjab
₹18,000 - ₹23,000 a month
Full-time
Night shift +1
Health insurance
Paid time off
Paid sick time
Easily apply",,
Technical Support Engineer (Fresher),,
Technical Support Engineer (Fresher),,
Technical Support Engineer (Fresher),,
Technical Support Engineer (Fresher),,
"Vertex Infosoft Solutions Pvt. Ltd
Mohali, Punjab
₹18,000 - ₹23,000 a month
Full-time
Night shift +1
Health insurance
Paid time off
Paid sick time
Easily apply",,
"Vertex Infosoft Solutions Pvt. Ltd
Mohali, Punjab",,
"Vertex Infosoft Solutions Pvt. Ltd
Mohali, Punjab",,
Vertex Infosoft Solutions Pvt. Ltd,,
Vertex Infosoft Solutions Pvt. Ltd,,
"Mohali, Punjab",,
"₹18,000 - ₹23,000 a month
Full-time
Night shift +1
Health insurance
Paid time off
Paid sick time",,
"₹18,000 - ₹23,000 a month
Full-time
Night shift +1
Health insurance
Paid time off
Paid sick time",,
"₹18,000 - ₹23,000 a month",,
"₹18,000 - ₹23,000 a month",,
"₹18,000 - ₹23,000 a month",,
"₹18,000 - ₹23,000 a month",,
Full-time,,
Full-time,,
Full-time,,
Full-time,,
Night shift +1,,
Night shift +1,,
Night shift +1,,
Night shift +1,,
+1,,
Health insurance,,
Health insurance,,
Health insurance,,
Health insurance,,
Paid time off,,
Paid time off,,
Paid time off,,
Paid time off,,
Paid sick time,,
Paid sick time,,
Paid sick time,,
Paid sick time,,
Easily apply,,
Easily apply,,
Easily apply,,
Easily apply,,
"Salary Search: Technical Support Engineer (Fresher) salaries in Mohali, Punjab",,
"Salary Search: Technical Support Engineer (Fresher) salaries in Mohali, Punjab",,
"Salary Search: Technical Support Engineer (Fresher) salaries in Mohali, Punjab",,
"Salary Search: Technical Support Engineer (Fresher) salaries in Mohali, Punjab",,
"Salary Search: Technical Support Engineer (Fresher) salaries in Mohali, Punjab",,
"Salary Search: Technical Support Engineer (Fresher) salaries in Mohali, Punjab",,
"Salary Search: Technical Support Engineer (Fresher) salaries in Mohali, Punjab",,
"Technical Support Engineer (Fresher) salaries in Mohali, Punjab",,
"Fresher Desktop Engineer
Kaizen IT ServicesPvt Ltd.
Chandigarh, Chandigarh
₹18,000 - ₹20,000 a month
Full-time +2
Easily apply
View all Kaizen IT ServicesPvt Ltd. jobs - Chandigarh, Chandigarh jobs - Desktop Support Technician jobs in Chandigarh, Chandigarh
Salary Search: Fresher Desktop Engineer salaries in Chandigarh, Chandigarh",,
"Fresher Desktop Engineer
Kaizen IT ServicesPvt Ltd.
Chandigarh, Chandigarh
₹18,000 - ₹20,000 a month
Full-time +2
Easily apply
View all Kaizen IT ServicesPvt Ltd. jobs - Chandigarh, Chandigarh jobs - Desktop Support Technician jobs in Chandigarh, Chandigarh
Salary Search: Fresher Desktop Engineer salaries in Chandigarh, Chandigarh",,
"Fresher Desktop Engineer
Kaizen IT ServicesPvt Ltd.
Chandigarh, Chandigarh
₹18,000 - ₹20,000 a month
Full-time +2
Easily apply
View all Kaizen IT ServicesPvt Ltd. jobs - Chandigarh, Chandigarh jobs - Desktop Support Technician jobs in Chandigarh, Chandigarh
Salary Search: Fresher Desktop Engineer salaries in Chandigarh, Chandigarh",,
"Fresher Desktop Engineer
Kaizen IT ServicesPvt Ltd.
Chandigarh, Chandigarh
₹18,000 - ₹20,000 a month
Full-time +2
Easily apply
View all Kaizen IT ServicesPvt Ltd. jobs - Chandigarh, Chandigarh jobs - Desktop Support Technician jobs in Chandigarh, Chandigarh
Salary Search: Fresher Desktop Engineer salaries in Chandigarh, Chandigarh",,
"Fresher Desktop Engineer
Kaizen IT ServicesPvt Ltd.
Chandigarh, Chandigarh
₹18,000 - ₹20,000 a month
Full-time +2
Easily apply",,
"Fresher Desktop Engineer
Kaizen IT ServicesPvt Ltd.
Chandigarh, Chandigarh
₹18,000 - ₹20,000 a month
Full-time +2
Easily apply",,
"Fresher Desktop Engineer
Kaizen IT ServicesPvt Ltd.
Chandigarh, Chandigarh
₹18,000 - ₹20,000 a month
Full-time +2
Easily apply",,
"Fresher Desktop Engineer
Kaizen IT ServicesPvt Ltd.
Chandigarh, Chandigarh
₹18,000 - ₹20,000 a month
Full-time +2
Easily apply",,
"Fresher Desktop Engineer
Kaizen IT ServicesPvt Ltd.
Chandigarh, Chandigarh
₹18,000 - ₹20,000 a month
Full-time +2
Easily apply",,
"Fresher Desktop Engineer
Kaizen IT ServicesPvt Ltd.
Chandigarh, Chandigarh
₹18,000 - ₹20,000 a month
Full-time +2
Easily apply",,
"Fresher Desktop Engineer
Kaizen IT ServicesPvt Ltd.
Chandigarh, Chandigarh
₹18,000 - ₹20,000 a month
Full-time +2
Easily apply",,
Fresher Desktop Engineer,,
Fresher Desktop Engineer,,
Fresher Desktop Engineer,,
Fresher Desktop Engineer,,
"Kaizen IT ServicesPvt Ltd.
Chandigarh, Chandigarh
₹18,000 - ₹20,000 a month
Full-time +2
Easily apply",,
"Kaizen IT ServicesPvt Ltd.
Chandigarh, Chandigarh",,
"Kaizen IT ServicesPvt Ltd.
Chandigarh, Chandigarh",,
Kaizen IT ServicesPvt Ltd.,,
Kaizen IT ServicesPvt Ltd.,,
"Chandigarh, Chandigarh",,
"₹18,000 - ₹20,000 a month
Full-time +2",,
"₹18,000 - ₹20,000 a month
Full-time +2",,
"₹18,000 - ₹20,000 a month",,
"₹18,000 - ₹20,000 a month",,
"₹18,000 - ₹20,000 a month",,
"₹18,000 - ₹20,000 a month",,
Full-time +2,,
Full-time +2,,
Full-time +2,,
Full-time +2,,
+2,,
Easily apply,,
Easily apply,,
Easily apply,,
Easily apply,,
"View all Kaizen IT ServicesPvt Ltd. jobs - Chandigarh, Chandigarh jobs - Desktop Support Technician jobs in Chandigarh, Chandigarh
Salary Search: Fresher Desktop Engineer salaries in Chandigarh, Chandigarh",,
"View all Kaizen IT ServicesPvt Ltd. jobs - Chandigarh, Chandigarh jobs - Desktop Support Technician jobs in Chandigarh, Chandigarh
Salary Search: Fresher Desktop Engineer salaries in Chandigarh, Chandigarh",,
"View all Kaizen IT ServicesPvt Ltd. jobs - Chandigarh, Chandigarh jobs - Desktop Support Technician jobs in Chandigarh, Chandigarh
Salary Search: Fresher Desktop Engineer salaries in Chandigarh, Chandigarh",,
"View all Kaizen IT ServicesPvt Ltd. jobs - Chandigarh, Chandigarh jobs - Desktop Support Technician jobs in Chandigarh, Chandigarh
Salary Search: Fresher Desktop Engineer salaries in Chandigarh, Chandigarh",,
"View all Kaizen IT ServicesPvt Ltd. jobs - Chandigarh, Chandigarh jobs - Desktop Support Technician jobs in Chandigarh, Chandigarh
Salary Search: Fresher Desktop Engineer salaries in Chandigarh, Chandigarh",,
"View all Kaizen IT ServicesPvt Ltd. jobs - Chandigarh, Chandigarh jobs - Desktop Support Technician jobs in Chandigarh, Chandigarh",,
"View all Kaizen IT ServicesPvt Ltd. jobs - Chandigarh, Chandigarh jobs - Desktop Support Technician jobs in Chandigarh, Chandigarh",,
Kaizen IT ServicesPvt Ltd. jobs,,
"Chandigarh, Chandigarh jobs",,
"Desktop Support Technician jobs in Chandigarh, Chandigarh",,
"Salary Search: Fresher Desktop Engineer salaries in Chandigarh, Chandigarh",,
"Salary Search: Fresher Desktop Engineer salaries in Chandigarh, Chandigarh",,
"Fresher Desktop Engineer salaries in Chandigarh, Chandigarh",,
"1
2",,
"1
2",,
1,,
1,,
2,,
2,,
"Get email updates for the latest it fresher jobs in Mohali, Punjab
By creating a job alert, you agree to our Terms
. You can change your consent settings at any time by unsubscribing or as detailed in our terms.",,
"Get email updates for the latest it fresher jobs in Mohali, Punjab
By creating a job alert, you agree to our Terms
. You can change your consent settings at any time by unsubscribing or as detailed in our terms.",,
"Get email updates for the latest it fresher jobs in Mohali, Punjab
By creating a job alert, you agree to our Terms
. You can change your consent settings at any time by unsubscribing or as detailed in our terms.",,
"Get email updates for the latest it fresher jobs in Mohali, Punjab
By creating a job alert, you agree to our Terms
. You can change your consent settings at any time by unsubscribing or as detailed in our terms.",,
"Get email updates for the latest it fresher jobs in Mohali, Punjab
By creating a job alert, you agree to our Terms
. You can change your consent settings at any time by unsubscribing or as detailed in our terms.",,
"Get email updates for the latest it fresher jobs in Mohali, Punjab",,
"Get email updates for the latest it fresher jobs in Mohali, Punjab",,
"Get email updates for the latest it fresher jobs in Mohali, Punjab",,
it fresher,,
"Mohali, Punjab",,
"By creating a job alert, you agree to our Terms
. You can change your consent settings at any time by unsubscribing or as detailed in our terms.",,
"By creating a job alert, you agree to our Terms
. You can change your consent settings at any time by unsubscribing or as detailed in our terms.",,
Terms,,
"People also searched:
fresher
fresher software company
freshers job vacancy
web developer fresher
it
software developer fresher
fresher it
internship
it support engineer
office assistant",,
People also searched:,,
"fresher
fresher software company
freshers job vacancy
web developer fresher
it
software developer fresher
fresher it
internship
it support engineer
office assistant",,
fresher,,
fresher,,
fresher,,
fresher software company,,
fresher software company,,
fresher software company,,
freshers job vacancy,,
freshers job vacancy,,
freshers job vacancy,,
web developer fresher,,
web developer fresher,,
web developer fresher,,
it,,
it,,
it,,
software developer fresher,,
software developer fresher,,
software developer fresher,,
fresher it,,
fresher it,,
fresher it,,
internship,,
internship,,
internship,,
it support engineer,,
it support engineer,,
it support engineer,,
office assistant,,
office assistant,,
office assistant,,
"Web/IT Operations Associate (Fresh Graduates Welcome)
- job post
DigitoLogics
Mohali, Punjab
₹15,000 - ₹20,000 a month
Apply now
Job details
Pay
₹15,000 - ₹20,000 a month
Job type
Permanent
Fresher
Full-time
&nbsp;
Location
Mohali, Punjab
&nbsp;
Benefits
Pulled from the full job description
Paid time off
Paid sick time
Leave encashment
&nbsp;
Full job description
We are looking for Operations Associates for IT services to join our team at Mohali.
The job is about handling day-to-day tech and non-tech tasks online such as performing online research, data mining, managing MS Word and Excel, creating PPTs managing blogs, SEO, social media accounts, website changes, Calender Scheduling, generating invoices etc.
The candidates will get an opportunity to work with overseas clients and get exposure to live IT projects.
Work Responsibilities:
-Client interaction through Email & Phone
- Manage Social Media accounts
- Search Engine Optimization (SEO) - Website Audit, Competitor Analysis, On-page & Off-page SEO,Content promotion etc.
-Manage Microsoft Excel and Documents
-Prepare customer spreadsheets and keep online records
-Create PowerPoint presentations (PPTs) as assigned
-Manage Social media accounts, blogs, etc.
-Manage business development operations and work on platforms like up work, guru, etc.
-Learning new tools and platforms online
-Handle design related tasks and operate tools like Canva.
Key Skills
- Experience with word-processing software and spreadsheets (e.g. MS Office, MS Excel)
- Phone, email, and instant messaging (chat) skills
- Good organizational and time management skills
- Online Research
- Good verbal & written communication
- Possess strong interpersonal skills
Candidates with the following qualities will be preferred.
- Good listener
- Attention to detail
- Hardworking
- Passion to learn
Salary:
Job Types: Full-time, Permanent, Fresher
Pay: ₹15,000.00 - ₹20,000.00 per month
Benefits:
Leave encashment
Paid sick time
Paid time off
Ability to commute/relocate:
Mohali - 160055, Punjab: Reliably commute or planning to relocate before starting work (Required)
Application Question(s):
The Job location is Mohali. Are you able to commute or relocate to Mohali?
What's your current location?
Experience:
total work: 1 year (Preferred)
&nbsp;
Report job",,
"Web/IT Operations Associate (Fresh Graduates Welcome)
- job post
DigitoLogics
Mohali, Punjab
₹15,000 - ₹20,000 a month
Apply now
Job details
Pay
₹15,000 - ₹20,000 a month
Job type
Permanent
Fresher
Full-time
&nbsp;
Location
Mohali, Punjab
&nbsp;
Benefits
Pulled from the full job description
Paid time off
Paid sick time
Leave encashment
&nbsp;
Full job description
We are looking for Operations Associates for IT services to join our team at Mohali.
The job is about handling day-to-day tech and non-tech tasks online such as performing online research, data mining, managing MS Word and Excel, creating PPTs managing blogs, SEO, social media accounts, website changes, Calender Scheduling, generating invoices etc.
The candidates will get an opportunity to work with overseas clients and get exposure to live IT projects.
Work Responsibilities:
-Client interaction through Email & Phone
- Manage Social Media accounts
- Search Engine Optimization (SEO) - Website Audit, Competitor Analysis, On-page & Off-page SEO,Content promotion etc.
-Manage Microsoft Excel and Documents
-Prepare customer spreadsheets and keep online records
-Create PowerPoint presentations (PPTs) as assigned
-Manage Social media accounts, blogs, etc.
-Manage business development operations and work on platforms like up work, guru, etc.
-Learning new tools and platforms online
-Handle design related tasks and operate tools like Canva.
Key Skills
- Experience with word-processing software and spreadsheets (e.g. MS Office, MS Excel)
- Phone, email, and instant messaging (chat) skills
- Good organizational and time management skills
- Online Research
- Good verbal & written communication
- Possess strong interpersonal skills
Candidates with the following qualities will be preferred.
- Good listener
- Attention to detail
- Hardworking
- Passion to learn
Salary:
Job Types: Full-time, Permanent, Fresher
Pay: ₹15,000.00 - ₹20,000.00 per month
Benefits:
Leave encashment
Paid sick time
Paid time off
Ability to commute/relocate:
Mohali - 160055, Punjab: Reliably commute or planning to relocate before starting work (Required)
Application Question(s):
The Job location is Mohali. Are you able to commute or relocate to Mohali?
What's your current location?
Experience:
total work: 1 year (Preferred)
&nbsp;
Report job",,
"Web/IT Operations Associate (Fresh Graduates Welcome)
- job post
DigitoLogics
Mohali, Punjab
₹15,000 - ₹20,000 a month
Apply now
Job details
Pay
₹15,000 - ₹20,000 a month
Job type
Permanent
Fresher
Full-time
&nbsp;
Location
Mohali, Punjab
&nbsp;
Benefits
Pulled from the full job description
Paid time off
Paid sick time
Leave encashment
&nbsp;
Full job description
We are looking for Operations Associates for IT services to join our team at Mohali.
The job is about handling day-to-day tech and non-tech tasks online such as performing online research, data mining, managing MS Word and Excel, creating PPTs managing blogs, SEO, social media accounts, website changes, Calender Scheduling, generating invoices etc.
The candidates will get an opportunity to work with overseas clients and get exposure to live IT projects.
Work Responsibilities:
-Client interaction through Email & Phone
- Manage Social Media accounts
- Search Engine Optimization (SEO) - Website Audit, Competitor Analysis, On-page & Off-page SEO,Content promotion etc.
-Manage Microsoft Excel and Documents
-Prepare customer spreadsheets and keep online records
-Create PowerPoint presentations (PPTs) as assigned
-Manage Social media accounts, blogs, etc.
-Manage business development operations and work on platforms like up work, guru, etc.
-Learning new tools and platforms online
-Handle design related tasks and operate tools like Canva.
Key Skills
- Experience with word-processing software and spreadsheets (e.g. MS Office, MS Excel)
- Phone, email, and instant messaging (chat) skills
- Good organizational and time management skills
- Online Research
- Good verbal & written communication
- Possess strong interpersonal skills
Candidates with the following qualities will be preferred.
- Good listener
- Attention to detail
- Hardworking
- Passion to learn
Salary:
Job Types: Full-time, Permanent, Fresher
Pay: ₹15,000.00 - ₹20,000.00 per month
Benefits:
Leave encashment
Paid sick time
Paid time off
Ability to commute/relocate:
Mohali - 160055, Punjab: Reliably commute or planning to relocate before starting work (Required)
Application Question(s):
The Job location is Mohali. Are you able to commute or relocate to Mohali?
What's your current location?
Experience:
total work: 1 year (Preferred)
&nbsp;
Report job",,
"Web/IT Operations Associate (Fresh Graduates Welcome)
- job post
DigitoLogics
Mohali, Punjab
₹15,000 - ₹20,000 a month
Apply now
Job details
Pay
₹15,000 - ₹20,000 a month
Job type
Permanent
Fresher
Full-time
&nbsp;
Location
Mohali, Punjab
&nbsp;
Benefits
Pulled from the full job description
Paid time off
Paid sick time
Leave encashment
&nbsp;
Full job description
We are looking for Operations Associates for IT services to join our team at Mohali.
The job is about handling day-to-day tech and non-tech tasks online such as performing online research, data mining, managing MS Word and Excel, creating PPTs managing blogs, SEO, social media accounts, website changes, Calender Scheduling, generating invoices etc.
The candidates will get an opportunity to work with overseas clients and get exposure to live IT projects.
Work Responsibilities:
-Client interaction through Email & Phone
- Manage Social Media accounts
- Search Engine Optimization (SEO) - Website Audit, Competitor Analysis, On-page & Off-page SEO,Content promotion etc.
-Manage Microsoft Excel and Documents
-Prepare customer spreadsheets and keep online records
-Create PowerPoint presentations (PPTs) as assigned
-Manage Social media accounts, blogs, etc.
-Manage business development operations and work on platforms like up work, guru, etc.
-Learning new tools and platforms online
-Handle design related tasks and operate tools like Canva.
Key Skills
- Experience with word-processing software and spreadsheets (e.g. MS Office, MS Excel)
- Phone, email, and instant messaging (chat) skills
- Good organizational and time management skills
- Online Research
- Good verbal & written communication
- Possess strong interpersonal skills
Candidates with the following qualities will be preferred.
- Good listener
- Attention to detail
- Hardworking
- Passion to learn
Salary:
Job Types: Full-time, Permanent, Fresher
Pay: ₹15,000.00 - ₹20,000.00 per month
Benefits:
Leave encashment
Paid sick time
Paid time off
Ability to commute/relocate:
Mohali - 160055, Punjab: Reliably commute or planning to relocate before starting work (Required)
Application Question(s):
The Job location is Mohali. Are you able to commute or relocate to Mohali?
What's your current location?
Experience:
total work: 1 year (Preferred)
&nbsp;
Report job",,
"Web/IT Operations Associate (Fresh Graduates Welcome)
- job post
DigitoLogics
Mohali, Punjab
₹15,000 - ₹20,000 a month
Apply now
Job details
Pay
₹15,000 - ₹20,000 a month
Job type
Permanent
Fresher
Full-time
&nbsp;
Location
Mohali, Punjab
&nbsp;
Benefits
Pulled from the full job description
Paid time off
Paid sick time
Leave encashment
&nbsp;
Full job description
We are looking for Operations Associates for IT services to join our team at Mohali.
The job is about handling day-to-day tech and non-tech tasks online such as performing online research, data mining, managing MS Word and Excel, creating PPTs managing blogs, SEO, social media accounts, website changes, Calender Scheduling, generating invoices etc.
The candidates will get an opportunity to work with overseas clients and get exposure to live IT projects.
Work Responsibilities:
-Client interaction through Email & Phone
- Manage Social Media accounts
- Search Engine Optimization (SEO) - Website Audit, Competitor Analysis, On-page & Off-page SEO,Content promotion etc.
-Manage Microsoft Excel and Documents
-Prepare customer spreadsheets and keep online records
-Create PowerPoint presentations (PPTs) as assigned
-Manage Social media accounts, blogs, etc.
-Manage business development operations and work on platforms like up work, guru, etc.
-Learning new tools and platforms online
-Handle design related tasks and operate tools like Canva.
Key Skills
- Experience with word-processing software and spreadsheets (e.g. MS Office, MS Excel)
- Phone, email, and instant messaging (chat) skills
- Good organizational and time management skills
- Online Research
- Good verbal & written communication
- Possess strong interpersonal skills
Candidates with the following qualities will be preferred.
- Good listener
- Attention to detail
- Hardworking
- Passion to learn
Salary:
Job Types: Full-time, Permanent, Fresher
Pay: ₹15,000.00 - ₹20,000.00 per month
Benefits:
Leave encashment
Paid sick time
Paid time off
Ability to commute/relocate:
Mohali - 160055, Punjab: Reliably commute or planning to relocate before starting work (Required)
Application Question(s):
The Job location is Mohali. Are you able to commute or relocate to Mohali?
What's your current location?
Experience:
total work: 1 year (Preferred)
&nbsp;
Report job",,
"Web/IT Operations Associate (Fresh Graduates Welcome)
- job post
DigitoLogics
Mohali, Punjab
₹15,000 - ₹20,000 a month
Apply now
Job details
Pay
₹15,000 - ₹20,000 a month
Job type
Permanent
Fresher
Full-time
&nbsp;
Location
Mohali, Punjab
&nbsp;
Benefits
Pulled from the full job description
Paid time off
Paid sick time
Leave encashment
&nbsp;
Full job description
We are looking for Operations Associates for IT services to join our team at Mohali.
The job is about handling day-to-day tech and non-tech tasks online such as performing online research, data mining, managing MS Word and Excel, creating PPTs managing blogs, SEO, social media accounts, website changes, Calender Scheduling, generating invoices etc.
The candidates will get an opportunity to work with overseas clients and get exposure to live IT projects.
Work Responsibilities:
-Client interaction through Email & Phone
- Manage Social Media accounts
- Search Engine Optimization (SEO) - Website Audit, Competitor Analysis, On-page & Off-page SEO,Content promotion etc.
-Manage Microsoft Excel and Documents
-Prepare customer spreadsheets and keep online records
-Create PowerPoint presentations (PPTs) as assigned
-Manage Social media accounts, blogs, etc.
-Manage business development operations and work on platforms like up work, guru, etc.
-Learning new tools and platforms online
-Handle design related tasks and operate tools like Canva.
Key Skills
- Experience with word-processing software and spreadsheets (e.g. MS Office, MS Excel)
- Phone, email, and instant messaging (chat) skills
- Good organizational and time management skills
- Online Research
- Good verbal & written communication
- Possess strong interpersonal skills
Candidates with the following qualities will be preferred.
- Good listener
- Attention to detail
- Hardworking
- Passion to learn
Salary:
Job Types: Full-time, Permanent, Fresher
Pay: ₹15,000.00 - ₹20,000.00 per month
Benefits:
Leave encashment
Paid sick time
Paid time off
Ability to commute/relocate:
Mohali - 160055, Punjab: Reliably commute or planning to relocate before starting work (Required)
Application Question(s):
The Job location is Mohali. Are you able to commute or relocate to Mohali?
What's your current location?
Experience:
total work: 1 year (Preferred)
&nbsp;
Report job",,
"Web/IT Operations Associate (Fresh Graduates Welcome)
- job post
DigitoLogics
Mohali, Punjab
₹15,000 - ₹20,000 a month
Apply now",,
"Web/IT Operations Associate (Fresh Graduates Welcome)
- job post
DigitoLogics
Mohali, Punjab
₹15,000 - ₹20,000 a month
Apply now",,
"Web/IT Operations Associate (Fresh Graduates Welcome)
- job post
DigitoLogics
Mohali, Punjab",,
"Web/IT Operations Associate (Fresh Graduates Welcome)
- job post",,
"Web/IT Operations Associate (Fresh Graduates Welcome)
- job post",,
"Web/IT Operations Associate (Fresh Graduates Welcome)
- job post",,
- job post,,
"DigitoLogics
Mohali, Punjab",,
"DigitoLogics
Mohali, Punjab",,
"DigitoLogics
Mohali, Punjab",,
"DigitoLogics
Mohali, Punjab",,
DigitoLogics,,
DigitoLogics,,
DigitoLogics,,
DigitoLogics,,
"Mohali, Punjab",,
"Mohali, Punjab",,
"₹15,000 - ₹20,000 a month",,
"₹15,000 - ₹20,000 a month",,
"₹15,000 - ₹20,000 a month",,
"₹15,000 - ₹20,000 a month",,
Apply now,,
Apply now,,
Apply now,,
Apply now,,
Apply now,,
Apply now,,
Apply now,,
Apply now,,
Apply now,,
Apply now,,
Apply now,,
Apply now,,
"Job details
Pay
₹15,000 - ₹20,000 a month
Job type
Permanent
Fresher
Full-time
&nbsp;
Location
Mohali, Punjab
&nbsp;
Benefits
Pulled from the full job description
Paid time off
Paid sick time
Leave encashment
&nbsp;
Full job description
We are looking for Operations Associates for IT services to join our team at Mohali.
The job is about handling day-to-day tech and non-tech tasks online such as performing online research, data mining, managing MS Word and Excel, creating PPTs managing blogs, SEO, social media accounts, website changes, Calender Scheduling, generating invoices etc.
The candidates will get an opportunity to work with overseas clients and get exposure to live IT projects.
Work Responsibilities:
-Client interaction through Email & Phone
- Manage Social Media accounts
- Search Engine Optimization (SEO) - Website Audit, Competitor Analysis, On-page & Off-page SEO,Content promotion etc.
-Manage Microsoft Excel and Documents
-Prepare customer spreadsheets and keep online records
-Create PowerPoint presentations (PPTs) as assigned
-Manage Social media accounts, blogs, etc.
-Manage business development operations and work on platforms like up work, guru, etc.
-Learning new tools and platforms online
-Handle design related tasks and operate tools like Canva.
Key Skills
- Experience with word-processing software and spreadsheets (e.g. MS Office, MS Excel)
- Phone, email, and instant messaging (chat) skills
- Good organizational and time management skills
- Online Research
- Good verbal & written communication
- Possess strong interpersonal skills
Candidates with the following qualities will be preferred.
- Good listener
- Attention to detail
- Hardworking
- Passion to learn
Salary:
Job Types: Full-time, Permanent, Fresher
Pay: ₹15,000.00 - ₹20,000.00 per month
Benefits:
Leave encashment
Paid sick time
Paid time off
Ability to commute/relocate:
Mohali - 160055, Punjab: Reliably commute or planning to relocate before starting work (Required)
Application Question(s):
The Job location is Mohali. Are you able to commute or relocate to Mohali?
What's your current location?
Experience:
total work: 1 year (Preferred)
&nbsp;
Report job",,
"Job details
Pay
₹15,000 - ₹20,000 a month
Job type
Permanent
Fresher
Full-time
&nbsp;
Location
Mohali, Punjab
&nbsp;
Benefits
Pulled from the full job description
Paid time off
Paid sick time
Leave encashment
&nbsp;
Full job description
We are looking for Operations Associates for IT services to join our team at Mohali.
The job is about handling day-to-day tech and non-tech tasks online such as performing online research, data mining, managing MS Word and Excel, creating PPTs managing blogs, SEO, social media accounts, website changes, Calender Scheduling, generating invoices etc.
The candidates will get an opportunity to work with overseas clients and get exposure to live IT projects.
Work Responsibilities:
-Client interaction through Email & Phone
- Manage Social Media accounts
- Search Engine Optimization (SEO) - Website Audit, Competitor Analysis, On-page & Off-page SEO,Content promotion etc.
-Manage Microsoft Excel and Documents
-Prepare customer spreadsheets and keep online records
-Create PowerPoint presentations (PPTs) as assigned
-Manage Social media accounts, blogs, etc.
-Manage business development operations and work on platforms like up work, guru, etc.
-Learning new tools and platforms online
-Handle design related tasks and operate tools like Canva.
Key Skills
- Experience with word-processing software and spreadsheets (e.g. MS Office, MS Excel)
- Phone, email, and instant messaging (chat) skills
- Good organizational and time management skills
- Online Research
- Good verbal & written communication
- Possess strong interpersonal skills
Candidates with the following qualities will be preferred.
- Good listener
- Attention to detail
- Hardworking
- Passion to learn
Salary:
Job Types: Full-time, Permanent, Fresher
Pay: ₹15,000.00 - ₹20,000.00 per month
Benefits:
Leave encashment
Paid sick time
Paid time off
Ability to commute/relocate:
Mohali - 160055, Punjab: Reliably commute or planning to relocate before starting work (Required)
Application Question(s):
The Job location is Mohali. Are you able to commute or relocate to Mohali?
What's your current location?
Experience:
total work: 1 year (Preferred)
&nbsp;
Report job",,
"Job details
Pay
₹15,000 - ₹20,000 a month
Job type
Permanent
Fresher
Full-time
&nbsp;
Location
Mohali, Punjab
&nbsp;
Benefits
Pulled from the full job description
Paid time off
Paid sick time
Leave encashment
&nbsp;
Full job description
We are looking for Operations Associates for IT services to join our team at Mohali.
The job is about handling day-to-day tech and non-tech tasks online such as performing online research, data mining, managing MS Word and Excel, creating PPTs managing blogs, SEO, social media accounts, website changes, Calender Scheduling, generating invoices etc.
The candidates will get an opportunity to work with overseas clients and get exposure to live IT projects.
Work Responsibilities:
-Client interaction through Email & Phone
- Manage Social Media accounts
- Search Engine Optimization (SEO) - Website Audit, Competitor Analysis, On-page & Off-page SEO,Content promotion etc.
-Manage Microsoft Excel and Documents
-Prepare customer spreadsheets and keep online records
-Create PowerPoint presentations (PPTs) as assigned
-Manage Social media accounts, blogs, etc.
-Manage business development operations and work on platforms like up work, guru, etc.
-Learning new tools and platforms online
-Handle design related tasks and operate tools like Canva.
Key Skills
- Experience with word-processing software and spreadsheets (e.g. MS Office, MS Excel)
- Phone, email, and instant messaging (chat) skills
- Good organizational and time management skills
- Online Research
- Good verbal & written communication
- Possess strong interpersonal skills
Candidates with the following qualities will be preferred.
- Good listener
- Attention to detail
- Hardworking
- Passion to learn
Salary:
Job Types: Full-time, Permanent, Fresher
Pay: ₹15,000.00 - ₹20,000.00 per month
Benefits:
Leave encashment
Paid sick time
Paid time off
Ability to commute/relocate:
Mohali - 160055, Punjab: Reliably commute or planning to relocate before starting work (Required)
Application Question(s):
The Job location is Mohali. Are you able to commute or relocate to Mohali?
What's your current location?
Experience:
total work: 1 year (Preferred)
&nbsp;",,
"Job details
Pay
₹15,000 - ₹20,000 a month
Job type
Permanent
Fresher
Full-time
&nbsp;",,
"Job details
Pay
₹15,000 - ₹20,000 a month
Job type
Permanent
Fresher
Full-time
&nbsp;",,
"Job details
Pay
₹15,000 - ₹20,000 a month
Job type
Permanent
Fresher
Full-time
&nbsp;",,
"Job details
Pay
₹15,000 - ₹20,000 a month
Job type
Permanent
Fresher
Full-time
&nbsp;",,
"Job details
Pay
₹15,000 - ₹20,000 a month
Job type
Permanent
Fresher
Full-time
&nbsp;",,
"Job details
Pay
₹15,000 - ₹20,000 a month
Job type
Permanent
Fresher
Full-time
&nbsp;",,
"Job details
Pay
₹15,000 - ₹20,000 a month
Job type
Permanent
Fresher
Full-time",,
Job details,,
Job details,,
"Pay
₹15,000 - ₹20,000 a month
Job type
Permanent
Fresher
Full-time",,
"Pay
₹15,000 - ₹20,000 a month",,
"Pay
₹15,000 - ₹20,000 a month",,
Pay,,
"₹15,000 - ₹20,000 a month",,
"₹15,000 - ₹20,000 a month",,
"₹15,000 - ₹20,000 a month",,
"₹15,000 - ₹20,000 a month",,
"₹15,000 - ₹20,000 a month",,
"₹15,000 - ₹20,000 a month",,
"₹15,000 - ₹20,000 a month",,
"₹15,000 - ₹20,000 a month",,
"Job type
Permanent
Fresher
Full-time",,
"Job type
Permanent
Fresher
Full-time",,
Job type,,
"Permanent
Fresher
Full-time",,
"Permanent
Fresher
Full-time",,
Permanent,,
Permanent,,
Permanent,,
Permanent,,
Permanent,,
Permanent,,
Fresher,,
Fresher,,
Fresher,,
Fresher,,
Fresher,,
Fresher,,
Full-time,,
Full-time,,
Full-time,,
Full-time,,
Full-time,,
Full-time,,
&nbsp;,,
&nbsp;,,
&nbsp;,,
"Location
Mohali, Punjab
&nbsp;",,
Location,,
"Mohali, Punjab",,
"Mohali, Punjab",,
"Mohali, Punjab",,
"Mohali, Punjab",,
&nbsp;,,
&nbsp;,,
&nbsp;,,
"Benefits
Pulled from the full job description
Paid time off
Paid sick time
Leave encashment
&nbsp;",,
"Benefits
Pulled from the full job description",,
Pulled from the full job description,,
"Paid time off
Paid sick time
Leave encashment",,
"Paid time off
Paid sick time
Leave encashment",,
"Paid time off
Paid sick time
Leave encashment",,
"Paid time off
Paid sick time
Leave encashment",,
Paid time off,,
Paid sick time,,
Leave encashment,,
&nbsp;,,
&nbsp;,,
&nbsp;,,
Full job description,,
Full job description,,
"We are looking for Operations Associates for IT services to join our team at Mohali.
The job is about handling day-to-day tech and non-tech tasks online such as performing online research, data mining, managing MS Word and Excel, creating PPTs managing blogs, SEO, social media accounts, website changes, Calender Scheduling, generating invoices etc.
The candidates will get an opportunity to work with overseas clients and get exposure to live IT projects.
Work Responsibilities:
-Client interaction through Email & Phone
- Manage Social Media accounts
- Search Engine Optimization (SEO) - Website Audit, Competitor Analysis, On-page & Off-page SEO,Content promotion etc.
-Manage Microsoft Excel and Documents
-Prepare customer spreadsheets and keep online records
-Create PowerPoint presentations (PPTs) as assigned
-Manage Social media accounts, blogs, etc.
-Manage business development operations and work on platforms like up work, guru, etc.
-Learning new tools and platforms online
-Handle design related tasks and operate tools like Canva.
Key Skills
- Experience with word-processing software and spreadsheets (e.g. MS Office, MS Excel)
- Phone, email, and instant messaging (chat) skills
- Good organizational and time management skills
- Online Research
- Good verbal & written communication
- Possess strong interpersonal skills
Candidates with the following qualities will be preferred.
- Good listener
- Attention to detail
- Hardworking
- Passion to learn
Salary:
Job Types: Full-time, Permanent, Fresher
Pay: ₹15,000.00 - ₹20,000.00 per month
Benefits:
Leave encashment
Paid sick time
Paid time off
Ability to commute/relocate:
Mohali - 160055, Punjab: Reliably commute or planning to relocate before starting work (Required)
Application Question(s):
The Job location is Mohali. Are you able to commute or relocate to Mohali?
What's your current location?
Experience:
total work: 1 year (Preferred)",,
We are looking for Operations Associates for IT services to join our team at Mohali.,,
Operations Associates,,
"The job is about handling day-to-day tech and non-tech tasks online such as performing online research, data mining, managing MS Word and Excel, creating PPTs managing blogs, SEO, social media accounts, website changes, Calender Scheduling, generating invoices etc.",,
The candidates will get an opportunity to work with overseas clients and get exposure to live IT projects.,,
Work Responsibilities:,,
Work Responsibilities:,,
-Client interaction through Email & Phone,,
- Manage Social Media accounts,,
"- Search Engine Optimization (SEO) - Website Audit, Competitor Analysis, On-page & Off-page SEO,Content promotion etc.",,
-Manage Microsoft Excel and Documents,,
-Prepare customer spreadsheets and keep online records,,
-Create PowerPoint presentations (PPTs) as assigned,,
"-Manage Social media accounts, blogs, etc.",,
"-Manage business development operations and work on platforms like up work, guru, etc.",,
-Learning new tools and platforms online,,
-Handle design related tasks and operate tools like Canva.,,
Key Skills,,
Key Skills,,
"- Experience with word-processing software and spreadsheets (e.g. MS Office, MS Excel)",,
"- Phone, email, and instant messaging (chat) skills",,
- Good organizational and time management skills,,
- Online Research,,
- Good verbal & written communication,,
- Possess strong interpersonal skills,,
Candidates with the following qualities will be preferred.,,
Candidates with the following qualities will be preferred.,,
- Good listener,,
- Attention to detail,,
- Hardworking,,
- Passion to learn,,
Salary:,,
"Job Types: Full-time, Permanent, Fresher",,
"Pay: ₹15,000.00 - ₹20,000.00 per month",,
Benefits:,,
"Leave encashment
Paid sick time
Paid time off",,
Leave encashment,,
Paid sick time,,
Paid time off,,
Ability to commute/relocate:,,
"Mohali - 160055, Punjab: Reliably commute or planning to relocate before starting work (Required)",,
"Mohali - 160055, Punjab: Reliably commute or planning to relocate before starting work (Required)",,
Application Question(s):,,
"The Job location is Mohali. Are you able to commute or relocate to Mohali?
What's your current location?",,
The Job location is Mohali. Are you able to commute or relocate to Mohali?,,
What's your current location?,,
Experience:,,
total work: 1 year (Preferred),,
total work: 1 year (Preferred),,
&nbsp;,,
&nbsp;,,
&nbsp;,,
Report job,,
Report job,,
Report job,,
Report job,,
Report job,,
Report job,,
Report job,,
"Career advice
Browse jobs
Browse companies
Salaries
Indeed Events
Work at Indeed
Countries
About
Help
ESG at Indeed
Guidelines for safe job search
© 2026 Indeed
Accessibility at Indeed
Privacy Centre and Ad Choices
Terms",,
"Career advice
Browse jobs
Browse companies
Salaries
Indeed Events
Work at Indeed
Countries
About
Help
ESG at Indeed
Guidelines for safe job search
© 2026 Indeed
Accessibility at Indeed
Privacy Centre and Ad Choices
Terms",,
"Career advice
Browse jobs
Browse companies
Salaries
Indeed Events
Work at Indeed
Countries
About
Help
ESG at Indeed
Guidelines for safe job search
© 2026 Indeed
Accessibility at Indeed
Privacy Centre and Ad Choices
Terms",,
"Career advice
Browse jobs
Browse companies
Salaries
Indeed Events
Work at Indeed
Countries
About
Help
ESG at Indeed
Guidelines for safe job search
© 2026 Indeed
Accessibility at Indeed
Privacy Centre and Ad Choices
Terms",,
"Career advice
Browse jobs
Browse companies
Salaries
Indeed Events
Work at Indeed
Countries
About
Help
ESG at Indeed
Guidelines for safe job search
© 2026 Indeed
Accessibility at Indeed
Privacy Centre and Ad Choices
Terms",,
"Career advice
Browse jobs
Browse companies
Salaries
Indeed Events
Work at Indeed
Countries
About
Help
ESG at Indeed
Guidelines for safe job search
© 2026 Indeed
Accessibility at Indeed
Privacy Centre and Ad Choices
Terms",,
"Career advice
Browse jobs
Browse companies
Salaries
Indeed Events
Work at Indeed
Countries
About
Help
ESG at Indeed
Guidelines for safe job search",,
Career advice,,
Career advice,,
Career advice,,
Browse jobs,,
Browse jobs,,
Browse jobs,,
Browse companies,,
Browse companies,,
Browse companies,,
Salaries,,
Salaries,,
Salaries,,
Indeed Events,,
Indeed Events,,
Indeed Events,,
Work at Indeed,,
Work at Indeed,,
Work at Indeed,,
Countries,,
Countries,,
Countries,,
About,,
About,,
About,,
Help,,
Help,,
Help,,
ESG at Indeed,,
ESG at Indeed,,
ESG at Indeed,,
Guidelines for safe job search,,
Guidelines for safe job search,,
Guidelines for safe job search,,
"© 2026 Indeed
Accessibility at Indeed
Privacy Centre and Ad Choices
Terms",,
© 2026 Indeed,,
© 2026 Indeed,,
Accessibility at Indeed,,
Accessibility at Indeed,,
Accessibility at Indeed,,
Privacy Centre and Ad Choices,,
Privacy Centre and Ad Choices,,
Privacy Centre and Ad Choices,,
Terms,,
Terms,,
Terms,,
